INSERT INTO exercise VALUES('5a2ec51c-26ff-4a68-9719-e11310e6ada5','Leg Press','Quads',1772464134065,1772464134065,'double_plates');
INSERT INTO exercise VALUES('0d6acaec-be2a-4ac8-8243-19c943f564d6','Single Leg Press','Quads',1772464134065,1772464134065,'double_plates');
INSERT INTO exercise VALUES('8314fc19-f1a0-402c-92b6-a5ea78284ee8','Smith Machine Bulgarian Split Squat','Quads',1772464134065,1772464134065,'double_plates');
INSERT INTO exercise VALUES('c26a8805-a1ed-4dcf-9229-b09bef20e14c','Dumbell Bulgarian Split Squat','Quads',1772464134065,1772464134065,'dumbbell');
INSERT INTO exercise VALUES('52b79bc2-646e-4f5e-ae75-c90947e8fdf0','Barbell Split Squat','Quads',1772464134065,1772464134065,'double_plates');
INSERT INTO exercise VALUES('71f1b0bc-5553-461a-86aa-30356451c645','Leg Extension','Quads',1772464134065,1772464134065,'stack');
INSERT INTO exercise VALUES('6a70d177-97c4-4c32-a1cf-8f4631b8ad7e','Single Leg Extension','Quads',1772464134065,1772464134065,'stack');
INSERT INTO exercise VALUES('4ebcb787-131a-4220-ad34-ec9787603fb4','Slow Eccentric Leg Extension','Quads',1772464134065,1772464134065,'stack');
INSERT INTO exercise VALUES('66b8fdd8-f763-443d-93b0-bb7793c15ca4','Hack Squat','Quads',1772464134065,1772464134065,'double_plates');
INSERT INTO exercise VALUES('169ef1ec-2da7-405a-bd9a-c353f43d1c41','Smith Machine Squat','Quads',1772464134065,1772464134065,'double_plates');
INSERT INTO exercise VALUES('a367ec86-ff54-435d-99ed-0f3b277cb796','Barbell Back Squat','Quads',1772464134065,1772464134065,'double_plates');
INSERT INTO exercise VALUES('71dc202d-d08b-4add-8605-85f7542eade3','Goblet Squat','Quads',1772464134065,1772464134065,'dumbbell');
INSERT INTO exercise VALUES('f5e9bb68-1a3f-4eb7-817e-71606a430e29','Safety Bar Squat','Quads',1772464134065,1772464134065,'double_plates');
INSERT INTO exercise VALUES('149bb838-80b2-4023-a73b-fd78c4638fbd','Romanian Deadlift','Hamstrings',1772464134065,1772464134065,'double_plates');
INSERT INTO exercise VALUES('e1640809-6c82-4a10-9861-08cc826898f4','Stiff Leg Deadlift','Hamstrings',1772464134065,1772464134065,'double_plates');
INSERT INTO exercise VALUES('5313a09c-16c6-401f-8d1e-eff293929f60','Single-Leg Romanian Deadlift','Hamstrings',1772464134065,1772464134065,'dumbbell');
INSERT INTO exercise VALUES('9df049e2-2c71-4345-bb23-8625b5852a17','Barbell Good Morning','Hamstrings',1772464134065,1772464134065,'double_plates');
INSERT INTO exercise VALUES('de1c68c7-d993-45fe-a292-28984ce94f70','Kettlebell Swing','Hamstrings',1772464134065,1772464134065,'dumbbell');
INSERT INTO exercise VALUES('ffb0cb7b-b824-4d5c-9db3-aba400303f47','Cable Pull-Through','Hamstrings',1772464134065,1772464134065,'stack');
INSERT INTO exercise VALUES('90d1e64b-aaf6-4178-a998-a4f977678e9c','Leg Curl','Hamstrings',1772464134065,1772464134065,'stack');
INSERT INTO exercise VALUES('58f90875-9cee-4b2a-9b2c-22e007c4925b','Single Leg Curl','Hamstrings',1772464134065,1772464134065,'stack');
INSERT INTO exercise VALUES('6c78ebe2-65a0-4a35-aeda-c2ec888d160e','Machine Hip Thrust','Glutes',1772464134065,1772464134065,'stack');
INSERT INTO exercise VALUES('7b4d034c-6186-48b8-8c6a-39839babc18c','Barbell Hip Thrust','Glutes',1772464134065,1772464134065,'double_plates');
INSERT INTO exercise VALUES('29a6e4fc-1ef1-4df4-8d01-025b34c459a8','Glute Bridge','Glutes',1772464134065,1772464134065,'double_plates');
INSERT INTO exercise VALUES('cfec8ad6-163b-4acc-bb40-4d4750dfe9c8','Front Foot Elevated Split Squat','Glutes',1772464134065,1772464134065,'dumbbell');
INSERT INTO exercise VALUES('ecee3037-802d-4f3a-b9a0-4b0899ea37c5','Sumo Squat','Glutes',1772464134065,1772464134065,'double_plates');
INSERT INTO exercise VALUES('1c2b7919-4b50-4ceb-95bf-4661d77cc0b5','Glute Abduction','Glutes',1772464134065,1772464134065,'stack');
INSERT INTO exercise VALUES('4a020876-a2cb-491c-9eee-587d89f53e82','Cable Kickbacks','Glutes',1772464134065,1772464134065,'stack');
INSERT INTO exercise VALUES('738a29d8-8354-485d-90a3-6e08bfa64e76','Preacher Curl','Biceps',1772464134065,1772464134065,'dumbbell');
INSERT INTO exercise VALUES('32822cc4-a0b5-4cfc-859b-547693904603','Cable Biceps Curl','Biceps',1772464134065,1772464134065,'stack');
INSERT INTO exercise VALUES('dcfe15fe-ba1b-4c86-b72e-168e3fbde85c','Concentration Curl','Biceps',1772464134065,1772464134065,'dumbbell');
INSERT INTO exercise VALUES('96059a2f-8992-48aa-b12c-2322d078e870','Behind Back Cable Biceps Curl','Biceps',1772464134065,1772464134065,'stack');
INSERT INTO exercise VALUES('a887c578-ffc3-4de5-801c-dc1690dda79a','Hammer Curl','Biceps',1772464134065,1772464134065,'dumbbell');
INSERT INTO exercise VALUES('f7d744fa-b9ad-4523-ba76-ff168729dacc','Reverse Grip Cable Curl','Biceps',1772464134065,1772464134065,'stack');
INSERT INTO exercise VALUES('40d149f6-f9dd-448c-96be-527ec1ea2663','Preacher Hammer Curl','Biceps',1772464134065,1772464134065,'dumbbell');
INSERT INTO exercise VALUES('359e887c-0cae-4a63-8a4f-69550e0a4eaf','JM Press','Triceps',1772464134065,1772464134065,'double_plates');
INSERT INTO exercise VALUES('13bd885a-a3bf-493a-8094-2da32ecbfea9','Cable Overhead Triceps Extension','Triceps',1772464134065,1772464134065,'stack');
INSERT INTO exercise VALUES('ac5f728c-b964-4ae8-9023-afcfba064a13','EZ Skull Crusher','Triceps',1772464134065,1772464134065,'double_plates');
INSERT INTO exercise VALUES('99acc637-1eb2-4e22-9a10-a4b561de7d24','Dumbell Skull Crusher','Triceps',1772464134065,1772464134065,'dumbbell');
INSERT INTO exercise VALUES('bfd69e1c-e2b2-4189-a135-e25b90474961','Close Grip Bench Press','Triceps',1772464134065,1772464134065,'double_plates');
INSERT INTO exercise VALUES('3106561d-b24a-4242-994b-430e9e487b07','Triceps Pushdown','Triceps',1772464134065,1772464134065,'stack');
INSERT INTO exercise VALUES('ceeb4afc-11bd-40ad-a13f-6ccdb95e1503','Diamond Pushups','Triceps',1772464134065,1772464134065,'plates');
INSERT INTO exercise VALUES('cfed86ab-1102-4376-bb2a-86921f28b306','Cable Crunch','Abs',1772464134065,1772464134065,'stack');
INSERT INTO exercise VALUES('95a3a8a2-2422-49b0-8b94-7d03b70a0d1e','Crunch Machine','Abs',1772464134065,1772464134065,'stack');
INSERT INTO exercise VALUES('6ea19c85-7c86-4f0e-8003-8e4fb87e7501','Cable Reverse Crunch','Abs',1772464134065,1772464134065,'stack');
INSERT INTO exercise VALUES('50254f1b-b49b-46f4-8880-f41157627d02','Decline Sit Up','Abs',1772464134065,1772464134065,'plates');
INSERT INTO exercise VALUES('537d78eb-b6dd-4794-8447-dcfd2d16a6a6','Decline Russian Twist','Abs',1772464134065,1772464134065,'plates');
INSERT INTO exercise VALUES('00070c37-19d2-48f0-95ba-d42fdefa043b','Cable Woodchopper','Abs',1772464134065,1772464134065,'stack');
INSERT INTO exercise VALUES('074c7268-8fa4-4b31-a24b-fa783624ddc5','Lateral Pull Down','Back',1772464134065,1772464134065,'stack');
INSERT INTO exercise VALUES('bf9c63df-c48f-4080-ab18-31c84faa3fa8','Pull from High Cable','Back',1772464134065,1772464134065,'stack');
INSERT INTO exercise VALUES('233c0dbc-4a11-4a03-984c-82a81fc29e8a','Cable Pull Over','Back',1772464134065,1772464134065,'stack');
INSERT INTO exercise VALUES('418b80cb-3a69-4eda-a68f-089bc45e8afc','Row Machine','Back',1772464134065,1772464134065,'stack');
INSERT INTO exercise VALUES('4e0b3d04-01c2-4d64-b075-e3a97c4822c4','Chest Supported Row','Back',1772464134065,1772464134065,'dumbbell');
INSERT INTO exercise VALUES('c8f8c51e-c0e5-4d67-88b6-1c6961d945f1','Pendlay Row','Back',1772464134065,1772464134065,'double_plates');
INSERT INTO exercise VALUES('cb5e38fd-3527-42ae-a712-cfb48a2eca2d','Dumbell Single Arm Row','Back',1772464134065,1772464134065,'dumbbell');
INSERT INTO exercise VALUES('b1b8af1a-3e61-4a97-9186-88a550daf4ae','Smith Machine Incline Bench Press','Chest',1772464134065,1772464134065,'double_plates');
INSERT INTO exercise VALUES('472a9aff-cd0b-47e4-ac37-c984460feeff','Incline Dumbell Bench Pres','Chest',1772464134065,1772464134065,'dumbbell');
INSERT INTO exercise VALUES('1516636f-fe5b-4916-8c87-6eb33212b3e9','Incline Barbell Bench Press','Chest',1772464134065,1772464134065,'double_plates');
INSERT INTO exercise VALUES('acc7338c-2d07-4239-83f6-5c24133c93e2','Chest Press Machine','Chest',1772464134065,1772464134065,'stack');
INSERT INTO exercise VALUES('6afd5290-9df5-48c2-a401-fa884210327a','Barbell Bench Press','Chest',1772464134065,1772464134065,'double_plates');
INSERT INTO exercise VALUES('f903665e-3694-4aba-9a71-ab00af181127','Dumbell Bench Press','Chest',1772464134065,1772464134065,'dumbbell');
INSERT INTO exercise VALUES('c82670c4-ce1b-4f0c-9c46-a2ad88941ef5','Chest Dips','Chest',1772464134065,1772464134065,'plates');
INSERT INTO exercise VALUES('02daeaf6-e20e-4314-8a05-ec107d60b3ee','Pec Deck','Chest',1772464134065,1772464134065,'stack');
INSERT INTO exercise VALUES('d7e5073d-d817-45da-b0ca-262d8813a4e4','Cable Flye','Chest',1772464134065,1772464134065,'stack');
INSERT INTO exercise VALUES('a5b4ee30-7587-4e3a-b87b-9c7a06c2c6e7','Dumbell Flye','Chest',1772464134065,1772464134065,'dumbbell');
INSERT INTO exercise VALUES('c3cde605-c7af-4f62-b1f0-c72539a0b67e','Reverse Pec Deck','RearDelts',1772464134065,1772464134065,'stack');
INSERT INTO exercise VALUES('534dc632-80b3-46e1-b673-74e134ec565b','Dumbell Rear Delt Flye','RearDelts',1772464134065,1772464134065,'dumbbell');
INSERT INTO exercise VALUES('9712fc43-85e0-4309-b144-f08f8f0ba6be','Machine Rear Delt Row','RearDelts',1772464134065,1772464134065,'stack');
INSERT INTO exercise VALUES('a7ab11bd-add7-4f74-b26d-22fd80299fae','Seal Row','RearDelts',1772464134065,1772464134065,'double_plates');
INSERT INTO exercise VALUES('a641717e-60ab-4c19-af6b-981affdbf203','Cable Rear Delt Row','RearDelts',1772464134065,1772464134065,'stack');
INSERT INTO exercise VALUES('b8e6a8ec-111a-4566-a55c-5463ed2646ca','Dumbell Lateral Raises','SideDelts',1772464134065,1772464134065,'dumbbell');
INSERT INTO exercise VALUES('89ef87a5-b44a-4d07-9922-ffae0a9d7a47','Machine Lateral Raises','SideDelts',1772464134065,1772464134065,'stack');
INSERT INTO exercise VALUES('f6813c13-b7ea-4034-aa33-abc9b60110bf','Lying Dumbell Side Raises','SideDelts',1772464134065,1772464134065,'dumbbell');
INSERT INTO exercise VALUES('8a95f775-8bb1-474f-932f-8e17069d9869','Bench Supported Dumbell Lateral Raises','SideDelts',1772464134065,1772464134065,'dumbbell');
INSERT INTO exercise VALUES('fb493bb4-a52c-4c70-8e69-dcb81459fe4c','Cable Lateral Raise','SideDelts',1772464134065,1772464134065,'stack');
INSERT INTO exercise VALUES('e5afb718-8528-42e7-99e5-675ba3312950','Behind the Back Lateral Raises','SideDelts',1772464134065,1772464134065,'stack');
INSERT INTO exercise VALUES('d6030a6a-4fce-494f-bf69-f1ce4e1f87c0','Leaning Cable Lateral Raises','SideDelts',1772464134065,1772464134065,'stack');
INSERT INTO exercise VALUES('055c3f57-7239-4391-b982-ba1276ab927a','Shoulder Machine Press','SideDelts',1772464134065,1772464134065,'stack');
INSERT INTO exercise VALUES('deabb25e-4d8e-4eb7-8e71-b67dc43058da','Barbell Strict Press','SideDelts',1772464134065,1772464134065,'double_plates');
INSERT INTO mesocycle VALUES('41473c2a-1887-4826-8828-5c0ca8567ea3','local-user',1,1774875991000,1774875970000,'liftcoach');
INSERT INTO mesocycle VALUES('47fec723-d4f0-4f83-959f-8ca529f32991','local-user',1,NULL,1774875991000,'custom');
INSERT INTO microcycle VALUES('4266a26f-cb21-424f-92c9-f596e2c1c560','41473c2a-1887-4826-8828-5c0ca8567ea3',0,1774875991000,1774875970000);
INSERT INTO microcycle VALUES('25f43d82-f228-419a-b223-7323be3d3b82','47fec723-d4f0-4f83-959f-8ca529f32991',0,NULL,1774875991000);
INSERT INTO microcycle_workout VALUES('36187b62-48c2-4012-8b01-b01476713764','4266a26f-cb21-424f-92c9-f596e2c1c560',0,'completed',0,1774875991000,NULL,NULL);
INSERT INTO microcycle_workout VALUES('341f19a0-a07c-4b58-ba26-887f22b548f7','4266a26f-cb21-424f-92c9-f596e2c1c560',1,'completed',0,1774875991000,NULL,NULL);
INSERT INTO microcycle_workout VALUES('adeb8e8c-28ef-4d8d-953c-d11eef13bf5d','4266a26f-cb21-424f-92c9-f596e2c1c560',2,'completed',0,1774875991000,NULL,NULL);
INSERT INTO microcycle_workout VALUES('aeae1cc9-f164-4137-89ff-e63cb3e2d4fd','4266a26f-cb21-424f-92c9-f596e2c1c560',3,'completed',0,1774875991000,NULL,NULL);
INSERT INTO microcycle_workout VALUES('a00fc989-e6a9-4801-926f-db7b48927693','25f43d82-f228-419a-b223-7323be3d3b82',0,'pending',0,NULL,NULL,NULL);
INSERT INTO microcycle_workout VALUES('5537be34-e6b4-40ca-be6d-347110dd7db0','25f43d82-f228-419a-b223-7323be3d3b82',1,'pending',0,NULL,NULL,NULL);
INSERT INTO microcycle_workout VALUES('4f40e2ec-0d92-4c9f-ac64-26f85a826b72','25f43d82-f228-419a-b223-7323be3d3b82',2,'pending',0,NULL,NULL,NULL);
INSERT INTO microcycle_workout VALUES('18f907ba-e60b-47f3-8a79-59ac2fdd77dd','25f43d82-f228-419a-b223-7323be3d3b82',3,'pending',0,NULL,NULL,NULL);
INSERT INTO onboarding_data VALUES('0fce8af0-f527-47d0-8be3-1559ef0bc6fc','local-user','metric','fourDays',4,'intermediate',NULL,'male',1774875970297);
INSERT INTO user VALUES('local-user',1772464134288,0);
INSERT INTO workout_exercise VALUES('46eb7a6d-15c1-4b73-b64f-d8d6126838ef','36187b62-48c2-4012-8b01-b01476713764','b1b8af1a-3e61-4a97-9186-88a550daf4ae','loading',8,4,1774875970000,NULL,NULL,NULL,NULL,NULL,0,NULL,NULL);
INSERT INTO workout_exercise VALUES('4de4c224-d49d-41cf-b4a5-b2104f9efaa8','36187b62-48c2-4012-8b01-b01476713764','acc7338c-2d07-4239-83f6-5c24133c93e2','loading',8,2,1774875970000,NULL,NULL,NULL,NULL,NULL,1,NULL,NULL);
INSERT INTO workout_exercise VALUES('f491c7c7-e46d-40c7-8de6-cba34876b4dc','36187b62-48c2-4012-8b01-b01476713764','074c7268-8fa4-4b31-a24b-fa783624ddc5','loading',8,4,1774875970000,NULL,NULL,NULL,NULL,NULL,2,NULL,NULL);
INSERT INTO workout_exercise VALUES('1da11423-b659-4810-bc6f-e39002c1c2bd','36187b62-48c2-4012-8b01-b01476713764','418b80cb-3a69-4eda-a68f-089bc45e8afc','loading',8,2,1774875970000,NULL,NULL,NULL,NULL,NULL,3,NULL,NULL);
INSERT INTO workout_exercise VALUES('a3cbc609-2397-4de9-a9ab-1152bfbf8f91','36187b62-48c2-4012-8b01-b01476713764','738a29d8-8354-485d-90a3-6e08bfa64e76','loading',8,3,1774875970000,NULL,NULL,NULL,NULL,NULL,4,NULL,NULL);
INSERT INTO workout_exercise VALUES('118989cf-ea22-47fd-b287-42d15bd73e87','36187b62-48c2-4012-8b01-b01476713764','13bd885a-a3bf-493a-8094-2da32ecbfea9','loading',8,3,1774875970000,NULL,NULL,NULL,NULL,NULL,5,NULL,NULL);
INSERT INTO workout_exercise VALUES('f74e53ee-7eeb-4f82-8554-d037d9aec678','36187b62-48c2-4012-8b01-b01476713764','cfed86ab-1102-4376-bb2a-86921f28b306','loading',8,3,1774875970000,NULL,NULL,NULL,NULL,NULL,6,NULL,NULL);
INSERT INTO workout_exercise VALUES('45438566-a8be-4c2e-b4bd-67127b51ac66','341f19a0-a07c-4b58-ba26-887f22b548f7','66b8fdd8-f763-443d-93b0-bb7793c15ca4','loading',8,4,1774875970000,NULL,NULL,NULL,NULL,NULL,0,NULL,NULL);
INSERT INTO workout_exercise VALUES('5411bc9d-6969-4e0b-926f-47a8b2f53e33','341f19a0-a07c-4b58-ba26-887f22b548f7','71f1b0bc-5553-461a-86aa-30356451c645','loading',8,2,1774875970000,NULL,NULL,NULL,NULL,NULL,1,NULL,NULL);
INSERT INTO workout_exercise VALUES('60cd4348-9355-461b-b4b3-9b0923b61a15','341f19a0-a07c-4b58-ba26-887f22b548f7','6c78ebe2-65a0-4a35-aeda-c2ec888d160e','loading',8,5,1774875970000,NULL,NULL,NULL,NULL,NULL,2,NULL,NULL);
INSERT INTO workout_exercise VALUES('8c229330-dc44-4201-83c8-6eb615f85248','341f19a0-a07c-4b58-ba26-887f22b548f7','90d1e64b-aaf6-4178-a998-a4f977678e9c','loading',8,5,1774875970000,NULL,NULL,NULL,NULL,NULL,3,NULL,NULL);
INSERT INTO workout_exercise VALUES('84157a43-8c5a-4371-adc4-757425436abc','341f19a0-a07c-4b58-ba26-887f22b548f7','b8e6a8ec-111a-4566-a55c-5463ed2646ca','loading',8,4,1774875970000,NULL,NULL,NULL,NULL,NULL,4,NULL,NULL);
INSERT INTO workout_exercise VALUES('e51fde09-1731-489c-bedc-260090bc8236','adeb8e8c-28ef-4d8d-953c-d11eef13bf5d','02daeaf6-e20e-4314-8a05-ec107d60b3ee','loading',8,4,1774875970000,NULL,NULL,NULL,NULL,NULL,0,NULL,NULL);
INSERT INTO workout_exercise VALUES('782e2a4f-5df5-4434-a776-36fd83d6bf63','adeb8e8c-28ef-4d8d-953c-d11eef13bf5d','472a9aff-cd0b-47e4-ac37-c984460feeff','loading',8,2,1774875970000,NULL,NULL,NULL,NULL,NULL,1,NULL,NULL);
INSERT INTO workout_exercise VALUES('a5d07c98-897d-479f-be35-47d72cb8d192','adeb8e8c-28ef-4d8d-953c-d11eef13bf5d','bf9c63df-c48f-4080-ab18-31c84faa3fa8','loading',8,4,1774875970000,NULL,NULL,NULL,NULL,NULL,2,NULL,NULL);
INSERT INTO workout_exercise VALUES('86607759-c447-4799-842b-c923f581bdbc','adeb8e8c-28ef-4d8d-953c-d11eef13bf5d','4e0b3d04-01c2-4d64-b075-e3a97c4822c4','loading',8,2,1774875970000,NULL,NULL,NULL,NULL,NULL,3,NULL,NULL);
INSERT INTO workout_exercise VALUES('195322cd-0c5f-4d2b-adad-fd9e65086d37','adeb8e8c-28ef-4d8d-953c-d11eef13bf5d','dcfe15fe-ba1b-4c86-b72e-168e3fbde85c','loading',8,3,1774875970000,NULL,NULL,NULL,NULL,NULL,4,NULL,NULL);
INSERT INTO workout_exercise VALUES('c258601f-ddbd-47fd-9e80-1ff7ef96baa2','adeb8e8c-28ef-4d8d-953c-d11eef13bf5d','bfd69e1c-e2b2-4189-a135-e25b90474961','loading',8,3,1774875970000,NULL,NULL,NULL,NULL,NULL,5,NULL,NULL);
INSERT INTO workout_exercise VALUES('a037f30a-ed1d-4526-bd0b-79571f6ebf3a','adeb8e8c-28ef-4d8d-953c-d11eef13bf5d','6ea19c85-7c86-4f0e-8003-8e4fb87e7501','loading',8,3,1774875970000,NULL,NULL,NULL,NULL,NULL,6,NULL,NULL);
INSERT INTO workout_exercise VALUES('c0a492e7-6531-4e8a-b1af-53c807176581','aeae1cc9-f164-4137-89ff-e63cb3e2d4fd','5a2ec51c-26ff-4a68-9719-e11310e6ada5','loading',8,4,1774875970000,NULL,NULL,NULL,NULL,NULL,0,NULL,NULL);
INSERT INTO workout_exercise VALUES('580d86ee-dedd-4a44-aa83-9df77abc0431','aeae1cc9-f164-4137-89ff-e63cb3e2d4fd','169ef1ec-2da7-405a-bd9a-c353f43d1c41','loading',8,2,1774875970000,NULL,NULL,NULL,NULL,NULL,1,NULL,NULL);
INSERT INTO workout_exercise VALUES('0b142ff2-f916-43fd-8bc4-fb51f52241d7','aeae1cc9-f164-4137-89ff-e63cb3e2d4fd','1c2b7919-4b50-4ceb-95bf-4661d77cc0b5','loading',8,5,1774875970000,NULL,NULL,NULL,NULL,NULL,2,NULL,NULL);
INSERT INTO workout_exercise VALUES('ee0d0e8c-627a-41da-865f-e23465800bbb','aeae1cc9-f164-4137-89ff-e63cb3e2d4fd','149bb838-80b2-4023-a73b-fd78c4638fbd','loading',8,5,1774875970000,NULL,NULL,NULL,NULL,NULL,3,NULL,NULL);
INSERT INTO workout_exercise VALUES('77152eeb-2271-4583-9821-c095b8ce8917','aeae1cc9-f164-4137-89ff-e63cb3e2d4fd','fb493bb4-a52c-4c70-8e69-dcb81459fe4c','loading',8,4,1774875970000,NULL,NULL,NULL,NULL,NULL,4,NULL,NULL);
INSERT INTO workout_exercise VALUES('c5ce86d4-10d5-4e1d-bc9b-4b48b4423ab6','a00fc989-e6a9-4801-926f-db7b48927693','738a29d8-8354-485d-90a3-6e08bfa64e76','pending',8,3,1774875991000,NULL,NULL,NULL,NULL,'custom_user_provided',0,NULL,NULL);
INSERT INTO workout_exercise VALUES('36adb7df-5489-4ee5-af8e-463bab01ea2a','a00fc989-e6a9-4801-926f-db7b48927693','13bd885a-a3bf-493a-8094-2da32ecbfea9','pending',8,3,1774875991000,NULL,NULL,NULL,NULL,'custom_user_provided',1,NULL,NULL);
INSERT INTO workout_exercise VALUES('faa7d6e5-2788-4efd-be66-68377cb4b87c','a00fc989-e6a9-4801-926f-db7b48927693','cfed86ab-1102-4376-bb2a-86921f28b306','pending',8,3,1774875991000,NULL,NULL,NULL,NULL,'custom_user_provided',2,NULL,NULL);
INSERT INTO workout_exercise VALUES('8322b1eb-f595-4047-b767-0a6b0cbcd3d1','a00fc989-e6a9-4801-926f-db7b48927693','b1b8af1a-3e61-4a97-9186-88a550daf4ae','pending',8,3,1774875991000,NULL,NULL,NULL,NULL,'custom_user_provided',3,NULL,NULL);
INSERT INTO workout_exercise VALUES('1308c6b5-2bcf-43c6-bdff-55f1cffd190c','a00fc989-e6a9-4801-926f-db7b48927693','074c7268-8fa4-4b31-a24b-fa783624ddc5','pending',8,3,1774875991000,NULL,NULL,NULL,NULL,'custom_user_provided',4,NULL,NULL);
INSERT INTO workout_exercise VALUES('d87dd74d-abf9-4a56-a095-c8e60c8667c0','5537be34-e6b4-40ca-be6d-347110dd7db0','90d1e64b-aaf6-4178-a998-a4f977678e9c','pending',8,5,1774875991000,NULL,NULL,NULL,NULL,'custom_user_provided',0,NULL,NULL);
INSERT INTO workout_exercise VALUES('04e79326-4969-4264-84a5-aaaded2dda2f','5537be34-e6b4-40ca-be6d-347110dd7db0','6c78ebe2-65a0-4a35-aeda-c2ec888d160e','pending',8,5,1774875991000,NULL,NULL,NULL,NULL,'custom_user_provided',1,NULL,NULL);
INSERT INTO workout_exercise VALUES('987fa6f4-3097-44bc-a342-443f646c8c54','5537be34-e6b4-40ca-be6d-347110dd7db0','b8e6a8ec-111a-4566-a55c-5463ed2646ca','pending',8,4,1774875991000,NULL,NULL,NULL,NULL,'custom_user_provided',2,NULL,NULL);
INSERT INTO workout_exercise VALUES('578fef53-d688-4f15-b6ec-a8bea99eafcb','5537be34-e6b4-40ca-be6d-347110dd7db0','66b8fdd8-f763-443d-93b0-bb7793c15ca4','pending',8,3,1774875991000,NULL,NULL,NULL,NULL,'custom_user_provided',3,NULL,NULL);
INSERT INTO workout_exercise VALUES('b4e58592-0541-4b2e-b8af-4a1ebed13cfc','5537be34-e6b4-40ca-be6d-347110dd7db0','c3cde605-c7af-4f62-b1f0-c72539a0b67e','pending',8,3,1774875991000,NULL,NULL,NULL,NULL,'custom_user_provided',4,NULL,NULL);
INSERT INTO workout_exercise VALUES('2519ba1c-3034-4f35-97c9-34f334db0624','4f40e2ec-0d92-4c9f-ac64-26f85a826b72','dcfe15fe-ba1b-4c86-b72e-168e3fbde85c','pending',8,3,1774875991000,NULL,NULL,NULL,NULL,'custom_user_provided',0,NULL,NULL);
INSERT INTO workout_exercise VALUES('c48180f7-2df8-42f1-9a82-7ea8b936f993','4f40e2ec-0d92-4c9f-ac64-26f85a826b72','bfd69e1c-e2b2-4189-a135-e25b90474961','pending',8,3,1774875991000,NULL,NULL,NULL,NULL,'custom_user_provided',1,NULL,NULL);
INSERT INTO workout_exercise VALUES('5efe1f6b-782b-4c13-9cc3-f25b13afdc24','4f40e2ec-0d92-4c9f-ac64-26f85a826b72','6ea19c85-7c86-4f0e-8003-8e4fb87e7501','pending',8,3,1774875991000,NULL,NULL,NULL,NULL,'custom_user_provided',2,NULL,NULL);
INSERT INTO workout_exercise VALUES('8d671a50-4b4d-4baa-8e9a-c2337fa273ff','4f40e2ec-0d92-4c9f-ac64-26f85a826b72','acc7338c-2d07-4239-83f6-5c24133c93e2','pending',8,3,1774875991000,NULL,NULL,NULL,NULL,'custom_user_provided',3,NULL,NULL);
INSERT INTO workout_exercise VALUES('294d477d-1cf4-4dc7-97a8-98a24e0f1c6d','4f40e2ec-0d92-4c9f-ac64-26f85a826b72','418b80cb-3a69-4eda-a68f-089bc45e8afc','pending',8,3,1774875991000,NULL,NULL,NULL,NULL,'custom_user_provided',4,NULL,NULL);
INSERT INTO workout_exercise VALUES('4387500a-36a0-418e-bb46-c26fd982faab','18f907ba-e60b-47f3-8a79-59ac2fdd77dd','149bb838-80b2-4023-a73b-fd78c4638fbd','pending',8,5,1774875991000,NULL,NULL,NULL,NULL,'custom_user_provided',0,NULL,NULL);
INSERT INTO workout_exercise VALUES('572add9b-f500-43bc-994c-6c818012fd12','18f907ba-e60b-47f3-8a79-59ac2fdd77dd','1c2b7919-4b50-4ceb-95bf-4661d77cc0b5','pending',8,5,1774875991000,NULL,NULL,NULL,NULL,'custom_user_provided',1,NULL,NULL);
INSERT INTO workout_exercise VALUES('17608bbf-5b0e-43e5-87b3-aa2cdf2a424f','18f907ba-e60b-47f3-8a79-59ac2fdd77dd','fb493bb4-a52c-4c70-8e69-dcb81459fe4c','pending',8,4,1774875991000,NULL,NULL,NULL,NULL,'custom_user_provided',2,NULL,NULL);
INSERT INTO workout_exercise VALUES('22b4a5a1-c1ea-4e46-a902-a38334d49219','18f907ba-e60b-47f3-8a79-59ac2fdd77dd','71f1b0bc-5553-461a-86aa-30356451c645','pending',8,3,1774875991000,NULL,NULL,NULL,NULL,'custom_user_provided',3,NULL,NULL);
INSERT INTO workout_exercise VALUES('f697b165-53d9-4e80-9cc3-29e194cc54d6','18f907ba-e60b-47f3-8a79-59ac2fdd77dd','9712fc43-85e0-4309-b144-f08f8f0ba6be','pending',8,3,1774875991000,NULL,NULL,NULL,NULL,'custom_user_provided',4,NULL,NULL);
INSERT INTO exercise_metadata VALUES('83441bdc-32d8-4eac-8e61-37674c67595b','5a2ec51c-26ff-4a68-9719-e11310e6ada5','QuadsPress',0,'none');
INSERT INTO exercise_metadata VALUES('79f0bd54-1467-4d27-8c8a-25cba171d07c','0d6acaec-be2a-4ac8-8243-19c943f564d6','QuadsPress',1,'advanced');
INSERT INTO exercise_metadata VALUES('0348b9a8-5854-4074-82aa-5b57aa603bf2','8314fc19-f1a0-402c-92b6-a5ea78284ee8','QuadsPress',2,'none');
INSERT INTO exercise_metadata VALUES('350f45ed-9465-4cbb-b244-41c672ab933c','c26a8805-a1ed-4dcf-9229-b09bef20e14c','QuadsPress',3,'none');
INSERT INTO exercise_metadata VALUES('16c89218-4a10-42ab-8e16-ccdfcc4f0ca2','52b79bc2-646e-4f5e-ae75-c90947e8fdf0','QuadsPress',4,'none');
INSERT INTO exercise_metadata VALUES('141513f3-2d57-45be-b8d6-a0bc56f07abc','71f1b0bc-5553-461a-86aa-30356451c645','QuadsExtension',0,'none');
INSERT INTO exercise_metadata VALUES('27295421-4e2d-4c04-9b88-a4cdcd5307af','6a70d177-97c4-4c32-a1cf-8f4631b8ad7e','QuadsExtension',1,'none');
INSERT INTO exercise_metadata VALUES('5db8dd4d-3f45-4061-87a4-d461db414022','4ebcb787-131a-4220-ad34-ec9787603fb4','QuadsExtension',2,'none');
INSERT INTO exercise_metadata VALUES('f5b2afd7-8066-4ff3-9919-97e50dceb56b','66b8fdd8-f763-443d-93b0-bb7793c15ca4','QuadsSquat',0,'intermediate');
INSERT INTO exercise_metadata VALUES('f4b7c8e6-10ea-4ed0-bd3f-47c5625f6c66','169ef1ec-2da7-405a-bd9a-c353f43d1c41','QuadsSquat',1,'none');
INSERT INTO exercise_metadata VALUES('fe01ab49-6994-4a83-a4e2-07e5df139305','a367ec86-ff54-435d-99ed-0f3b277cb796','QuadsSquat',2,'none');
INSERT INTO exercise_metadata VALUES('a14b239f-5027-4ea1-b1cf-b519745727a6','71dc202d-d08b-4add-8605-85f7542eade3','QuadsSquat',3,'none');
INSERT INTO exercise_metadata VALUES('1dd7b082-c3b3-4097-a411-d272b0d08443','f5e9bb68-1a3f-4eb7-817e-71606a430e29','QuadsSquat',5,'advanced');
INSERT INTO exercise_metadata VALUES('bc1d359e-5f9e-429b-b568-29bf3c9c277b','149bb838-80b2-4023-a73b-fd78c4638fbd','HamstringsHipHinge',0,'none');
INSERT INTO exercise_metadata VALUES('86d0653f-df1e-4299-b0a6-d7ca35ab41f9','e1640809-6c82-4a10-9861-08cc826898f4','HamstringsHipHinge',1,'none');
INSERT INTO exercise_metadata VALUES('c6e657b3-db12-4b71-ab03-f3aef2a388b5','5313a09c-16c6-401f-8d1e-eff293929f60','HamstringsHipHinge',2,'none');
INSERT INTO exercise_metadata VALUES('59e5539a-9bb9-435f-9488-80b5bcd8c8fa','9df049e2-2c71-4345-bb23-8625b5852a17','HamstringsHipHinge',3,'intermediate');
INSERT INTO exercise_metadata VALUES('66c7cd14-f864-4a6c-96b9-9e80bb178c2a','de1c68c7-d993-45fe-a292-28984ce94f70','HamstringsHipHinge',4,'none');
INSERT INTO exercise_metadata VALUES('ce4ece50-0b15-4231-9484-3fbf78098332','ffb0cb7b-b824-4d5c-9db3-aba400303f47','HamstringsHipHinge',5,'none');
INSERT INTO exercise_metadata VALUES('17ceb791-1e8c-440d-92b7-a46f54477805','90d1e64b-aaf6-4178-a998-a4f977678e9c','HamstringsCurl',0,'none');
INSERT INTO exercise_metadata VALUES('db420c0f-2cd9-4561-8408-bb70d28b058d','58f90875-9cee-4b2a-9b2c-22e007c4925b','HamstringsCurl',1,'none');
INSERT INTO exercise_metadata VALUES('72b0e5ff-99c7-4241-acd3-76a48432a0af','6c78ebe2-65a0-4a35-aeda-c2ec888d160e','GlutesThrust',0,'intermediate');
INSERT INTO exercise_metadata VALUES('914b351d-ac01-419f-90ab-effbb1fab9b0','7b4d034c-6186-48b8-8c6a-39839babc18c','GlutesThrust',1,'none');
INSERT INTO exercise_metadata VALUES('27eeb04c-432b-4655-8a82-b0dde58ecceb','29a6e4fc-1ef1-4df4-8d01-025b34c459a8','GlutesThrust',2,'none');
INSERT INTO exercise_metadata VALUES('e328be11-2dc1-40b6-bb8a-6d8312486f4b','cfec8ad6-163b-4acc-bb40-4d4750dfe9c8','GlutesSquat',0,'advanced');
INSERT INTO exercise_metadata VALUES('be554a62-6782-4643-8c21-ff9a9903577c','ecee3037-802d-4f3a-b9a0-4b0899ea37c5','GlutesSquat',1,'none');
INSERT INTO exercise_metadata VALUES('376d45a3-150a-4993-95a8-0906f2c2b97b','1c2b7919-4b50-4ceb-95bf-4661d77cc0b5','GlutesAbduction',0,'none');
INSERT INTO exercise_metadata VALUES('aa364002-ca9b-4735-95b3-73619e4795fb','4a020876-a2cb-491c-9eee-587d89f53e82','GlutesAbduction',1,'none');
INSERT INTO exercise_metadata VALUES('edef462d-7286-4180-a321-6c6379d39070','738a29d8-8354-485d-90a3-6e08bfa64e76','BicepsLengthenedCurl',0,'intermediate');
INSERT INTO exercise_metadata VALUES('da147f89-3211-42c3-b45b-0c5bb7d2d1b5','32822cc4-a0b5-4cfc-859b-547693904603','BicepsLengthenedCurl',1,'none');
INSERT INTO exercise_metadata VALUES('1c503c3d-fdde-4caf-8db0-4933f63beb61','dcfe15fe-ba1b-4c86-b72e-168e3fbde85c','BicepsShorthenedCurl',0,'none');
INSERT INTO exercise_metadata VALUES('e45743da-8255-47fc-a42f-e04847a80003','96059a2f-8992-48aa-b12c-2322d078e870','BicepsShorthenedCurl',1,'none');
INSERT INTO exercise_metadata VALUES('aaad9029-753b-497e-a0a3-2c9591c0ea8e','a887c578-ffc3-4de5-801c-dc1690dda79a','BicepsBrachialis',0,'none');
INSERT INTO exercise_metadata VALUES('0d51036d-3b84-448b-9f0b-24d8c6e55bf8','f7d744fa-b9ad-4523-ba76-ff168729dacc','BicepsBrachialis',1,'none');
INSERT INTO exercise_metadata VALUES('2cec5d69-e8ce-457a-8b92-b45f1eaefce2','40d149f6-f9dd-448c-96be-527ec1ea2663','BicepsBrachialis',2,'none');
INSERT INTO exercise_metadata VALUES('0de5e01c-1c0e-4d87-ae9f-99ff748f06af','359e887c-0cae-4a63-8a4f-69550e0a4eaf','TricepsLonghead',0,'advanced');
INSERT INTO exercise_metadata VALUES('3a98a37f-c31b-4344-a30b-738266e8b642','13bd885a-a3bf-493a-8094-2da32ecbfea9','TricepsLonghead',1,'none');
INSERT INTO exercise_metadata VALUES('0492064e-0113-46f1-99ce-b3c8db7d0e70','ac5f728c-b964-4ae8-9023-afcfba064a13','TricepsLonghead',2,'none');
INSERT INTO exercise_metadata VALUES('3de23532-c1f3-4e40-b7ca-5ae5ea580a59','99acc637-1eb2-4e22-9a10-a4b561de7d24','TricepsLonghead',3,'none');
INSERT INTO exercise_metadata VALUES('96c02342-b855-4441-89fb-03ad8fb53343','bfd69e1c-e2b2-4189-a135-e25b90474961','TricepsShorthead',0,'intermediate');
INSERT INTO exercise_metadata VALUES('95b46dee-164d-470d-ab8a-9d471629548b','3106561d-b24a-4242-994b-430e9e487b07','TricepsShorthead',1,'none');
INSERT INTO exercise_metadata VALUES('4ca049a3-9d5f-4bca-b7a1-625c4088e53a','ceeb4afc-11bd-40ad-a13f-6ccdb95e1503','TricepsShorthead',2,'none');
INSERT INTO exercise_metadata VALUES('358dc0b2-9e1f-4007-a4b1-733a6fab08bd','cfed86ab-1102-4376-bb2a-86921f28b306','AbsUpper',0,'none');
INSERT INTO exercise_metadata VALUES('c74b4a7f-0306-4ece-951a-1ea7156079eb','95a3a8a2-2422-49b0-8b94-7d03b70a0d1e','AbsUpper',1,'none');
INSERT INTO exercise_metadata VALUES('d3b31edf-093e-4969-936a-479b46ceac43','6ea19c85-7c86-4f0e-8003-8e4fb87e7501','AbsLower',0,'none');
INSERT INTO exercise_metadata VALUES('e9863158-16bd-461e-8c0b-ecc21f8c6554','50254f1b-b49b-46f4-8880-f41157627d02','AbsLower',1,'none');
INSERT INTO exercise_metadata VALUES('3ec8b2e1-97b4-4eb9-ade7-15d6b5f66128','537d78eb-b6dd-4794-8447-dcfd2d16a6a6','AbsLower',2,'none');
INSERT INTO exercise_metadata VALUES('350d53b7-ea04-4648-ac74-9a924883b0e4','00070c37-19d2-48f0-95ba-d42fdefa043b','AbsLower',3,'none');
INSERT INTO exercise_metadata VALUES('169adfef-5e05-4923-9c23-e00e9d91a525','074c7268-8fa4-4b31-a24b-fa783624ddc5','BackVerticalPull',0,'none');
INSERT INTO exercise_metadata VALUES('b68763f6-1765-4373-9076-7946746e9eb9','bf9c63df-c48f-4080-ab18-31c84faa3fa8','BackVerticalPull',1,'none');
INSERT INTO exercise_metadata VALUES('3797004d-aa44-4539-a204-cae7577d8289','233c0dbc-4a11-4a03-984c-82a81fc29e8a','BackVerticalPull',2,'none');
INSERT INTO exercise_metadata VALUES('5e69d4f2-4fa9-4101-b30f-e358e2c35d97','418b80cb-3a69-4eda-a68f-089bc45e8afc','BackHorizontalPull',0,'none');
INSERT INTO exercise_metadata VALUES('c2b946b9-7ca5-4ea6-9113-e27d0ad09940','4e0b3d04-01c2-4d64-b075-e3a97c4822c4','BackHorizontalPull',1,'none');
INSERT INTO exercise_metadata VALUES('a32d4b6f-9632-4878-bf2a-439bc15a5b3a','c8f8c51e-c0e5-4d67-88b6-1c6961d945f1','BackHorizontalPull',2,'advanced');
INSERT INTO exercise_metadata VALUES('0d60c16a-2e8c-4388-a686-1709ef85445e','cb5e38fd-3527-42ae-a712-cfb48a2eca2d','BackHorizontalPull',3,'none');
INSERT INTO exercise_metadata VALUES('d34cef8f-69c6-4398-9253-3ed76bac4272','b1b8af1a-3e61-4a97-9186-88a550daf4ae','ChestUpper',0,'intermediate');
INSERT INTO exercise_metadata VALUES('a9756e22-aa67-4195-b059-884c09ce3489','472a9aff-cd0b-47e4-ac37-c984460feeff','ChestUpper',1,'none');
INSERT INTO exercise_metadata VALUES('71b8f704-c295-4cd0-bc25-a3221090b5c3','1516636f-fe5b-4916-8c87-6eb33212b3e9','ChestUpper',2,'none');
INSERT INTO exercise_metadata VALUES('a3d5517f-2e2c-4af4-977b-6bd7784d442e','acc7338c-2d07-4239-83f6-5c24133c93e2','ChestMiddle',0,'intermediate');
INSERT INTO exercise_metadata VALUES('d6ef4acb-8ca0-4740-b04e-dd1aefce02e8','6afd5290-9df5-48c2-a401-fa884210327a','ChestMiddle',1,'none');
INSERT INTO exercise_metadata VALUES('962037a3-4364-4cd6-9862-6261c8934396','f903665e-3694-4aba-9a71-ab00af181127','ChestMiddle',2,'none');
INSERT INTO exercise_metadata VALUES('73ee6be1-3101-4e5d-9201-06893e2e936e','c82670c4-ce1b-4f0c-9c46-a2ad88941ef5','ChestMiddle',3,'none');
INSERT INTO exercise_metadata VALUES('406f61df-afa6-4a68-9e34-6925a2dde7e8','02daeaf6-e20e-4314-8a05-ec107d60b3ee','ChestFly',0,'none');
INSERT INTO exercise_metadata VALUES('273754a2-8601-4241-a61a-0ade2bb7a6a8','d7e5073d-d817-45da-b0ca-262d8813a4e4','ChestFly',1,'none');
INSERT INTO exercise_metadata VALUES('e43ee090-e33a-4f7b-a653-8f7127ed5bd8','a5b4ee30-7587-4e3a-b87b-9c7a06c2c6e7','ChestFly',2,'none');
INSERT INTO exercise_metadata VALUES('9031ee13-f68e-4706-8e0c-24dc6cf9ac36','c3cde605-c7af-4f62-b1f0-c72539a0b67e','RearDeltsReverseFly',0,'none');
INSERT INTO exercise_metadata VALUES('40405a28-ba92-43f2-9138-2e2a6edfab46','534dc632-80b3-46e1-b673-74e134ec565b','RearDeltsReverseFly',1,'none');
INSERT INTO exercise_metadata VALUES('0db863b3-7488-4f10-b7d8-6a4d93b9702b','9712fc43-85e0-4309-b144-f08f8f0ba6be','RearDeltsRow',0,'none');
INSERT INTO exercise_metadata VALUES('361305a8-36d2-488a-8bb3-7868b33ba992','a7ab11bd-add7-4f74-b26d-22fd80299fae','RearDeltsRow',1,'none');
INSERT INTO exercise_metadata VALUES('8391cdfe-3959-415f-b66f-3c7cf28f91bc','a641717e-60ab-4c19-af6b-981affdbf203','RearDeltsRow',2,'none');
INSERT INTO exercise_metadata VALUES('e162b438-0373-495e-af33-387ed720fb27','b8e6a8ec-111a-4566-a55c-5463ed2646ca','SideDeltsDumbellLateralRaise',0,'none');
INSERT INTO exercise_metadata VALUES('61ec219f-a244-442c-8f5b-5c73070e1508','89ef87a5-b44a-4d07-9922-ffae0a9d7a47','SideDeltsDumbellLateralRaise',1,'none');
INSERT INTO exercise_metadata VALUES('58874ca9-fc4e-4e71-b07b-1f8e697402d7','f6813c13-b7ea-4034-aa33-abc9b60110bf','SideDeltsDumbellIsolatedLateralRaise',0,'intermediate');
INSERT INTO exercise_metadata VALUES('3cd764b9-4545-4e67-afa8-c22b85144a6b','8a95f775-8bb1-474f-932f-8e17069d9869','SideDeltsDumbellIsolatedLateralRaise',1,'none');
INSERT INTO exercise_metadata VALUES('88b78a8b-3ece-402f-b701-6f4ac9135c8a','fb493bb4-a52c-4c70-8e69-dcb81459fe4c','SideDeltsCableLateralRaise',0,'none');
INSERT INTO exercise_metadata VALUES('f362d5e1-5817-4a2f-9bb5-493f66b72295','e5afb718-8528-42e7-99e5-675ba3312950','SideDeltsCableLateralRaise',1,'none');
INSERT INTO exercise_metadata VALUES('e764efe1-f413-48be-b8b4-0e8805cc7820','d6030a6a-4fce-494f-bf69-f1ce4e1f87c0','SideDeltsCableLateralRaise',2,'none');
INSERT INTO exercise_metadata VALUES('cea8a8ed-dfb3-41ed-9f9f-fcc7373d6ea2','055c3f57-7239-4391-b982-ba1276ab927a','SideDeltsPress',0,'none');
INSERT INTO exercise_metadata VALUES('7e31a8af-6912-46a2-b0a6-66cc3357c065','deabb25e-4d8e-4eb7-8e71-b67dc43058da','SideDeltsPress',1,'none');
INSERT INTO workout_exercise_set VALUES('7a3b72d9-c67d-4c24-aec8-3989ed0327e8','c5ce86d4-10d5-4e1d-bc9b-4b48b4423ab6','pending',0,NULL,NULL,1774875991311,1774875991311);
INSERT INTO workout_exercise_set VALUES('d6601734-4895-4c52-b5f7-610711a621da','c5ce86d4-10d5-4e1d-bc9b-4b48b4423ab6','pending',1,NULL,NULL,1774875991312,1774875991312);
INSERT INTO workout_exercise_set VALUES('ac381a77-1b04-4003-86cb-16c30696cb21','c5ce86d4-10d5-4e1d-bc9b-4b48b4423ab6','pending',2,NULL,NULL,1774875991313,1774875991313);
INSERT INTO workout_exercise_set VALUES('a9299174-f765-42d4-8846-27d5eeb16241','36adb7df-5489-4ee5-af8e-463bab01ea2a','pending',0,NULL,NULL,1774875991315,1774875991315);
INSERT INTO workout_exercise_set VALUES('4f2eb3fe-e86b-44a9-88f6-dc1a127b5787','36adb7df-5489-4ee5-af8e-463bab01ea2a','pending',1,NULL,NULL,1774875991315,1774875991315);
INSERT INTO workout_exercise_set VALUES('b8af1216-3b2d-4e24-aaeb-d15158034e14','36adb7df-5489-4ee5-af8e-463bab01ea2a','pending',2,NULL,NULL,1774875991316,1774875991316);
INSERT INTO workout_exercise_set VALUES('542921a7-0c5a-4068-bb20-6204571bfbe6','faa7d6e5-2788-4efd-be66-68377cb4b87c','pending',0,NULL,NULL,1774875991318,1774875991318);
INSERT INTO workout_exercise_set VALUES('270b24c9-0f10-491a-aee2-f44eb7809d4a','faa7d6e5-2788-4efd-be66-68377cb4b87c','pending',1,NULL,NULL,1774875991319,1774875991319);
INSERT INTO workout_exercise_set VALUES('cd5e87ee-6578-4a26-bbcb-e736297a3067','faa7d6e5-2788-4efd-be66-68377cb4b87c','pending',2,NULL,NULL,1774875991320,1774875991320);
INSERT INTO workout_exercise_set VALUES('51e65c5c-fe04-4038-b9f6-e28149ed706c','8322b1eb-f595-4047-b767-0a6b0cbcd3d1','pending',0,NULL,NULL,1774875991323,1774875991323);
INSERT INTO workout_exercise_set VALUES('9891fc20-448d-4f67-a67b-dd297ce9c9ad','8322b1eb-f595-4047-b767-0a6b0cbcd3d1','pending',1,NULL,NULL,1774875991324,1774875991324);
INSERT INTO workout_exercise_set VALUES('4c5053d8-9206-4562-b163-1a70c46f9f78','8322b1eb-f595-4047-b767-0a6b0cbcd3d1','pending',2,NULL,NULL,1774875991325,1774875991325);
INSERT INTO workout_exercise_set VALUES('fe2e044e-b550-4df4-890f-a9a04412a5f5','1308c6b5-2bcf-43c6-bdff-55f1cffd190c','pending',0,NULL,NULL,1774875991327,1774875991327);
INSERT INTO workout_exercise_set VALUES('73db2c20-2835-48fa-a14b-ff59bf5d8a90','1308c6b5-2bcf-43c6-bdff-55f1cffd190c','pending',1,NULL,NULL,1774875991328,1774875991328);
INSERT INTO workout_exercise_set VALUES('57bd9f34-7405-4e89-bd17-458e7fae67db','1308c6b5-2bcf-43c6-bdff-55f1cffd190c','pending',2,NULL,NULL,1774875991329,1774875991329);
INSERT INTO workout_exercise_set VALUES('167763fa-4480-49c2-a723-2f647bc9a0b1','d87dd74d-abf9-4a56-a095-c8e60c8667c0','pending',0,NULL,NULL,1774875991332,1774875991332);
INSERT INTO workout_exercise_set VALUES('39eb7223-8fc7-4e8e-9f62-3fd12826a33d','d87dd74d-abf9-4a56-a095-c8e60c8667c0','pending',1,NULL,NULL,1774875991332,1774875991332);
INSERT INTO workout_exercise_set VALUES('b7e1c26a-a5f4-4722-bb64-1d3247da9c3e','d87dd74d-abf9-4a56-a095-c8e60c8667c0','pending',2,NULL,NULL,1774875991333,1774875991333);
INSERT INTO workout_exercise_set VALUES('622614e6-8147-47ca-8ef3-5cd044454a7a','d87dd74d-abf9-4a56-a095-c8e60c8667c0','pending',3,NULL,NULL,1774875991334,1774875991334);
INSERT INTO workout_exercise_set VALUES('69bea72a-276b-46f3-aa81-4a084036c18d','d87dd74d-abf9-4a56-a095-c8e60c8667c0','pending',4,NULL,NULL,1774875991335,1774875991335);
INSERT INTO workout_exercise_set VALUES('67a502ab-7189-4421-b4df-4db1226796be','04e79326-4969-4264-84a5-aaaded2dda2f','pending',0,NULL,NULL,1774875991337,1774875991337);
INSERT INTO workout_exercise_set VALUES('b4a1f5dd-63ae-4949-ab60-3a114b1fc6f6','04e79326-4969-4264-84a5-aaaded2dda2f','pending',1,NULL,NULL,1774875991338,1774875991338);
INSERT INTO workout_exercise_set VALUES('a683d1c8-e3e4-4002-9baf-746bd6b98006','04e79326-4969-4264-84a5-aaaded2dda2f','pending',2,NULL,NULL,1774875991338,1774875991338);
INSERT INTO workout_exercise_set VALUES('747d9fa1-c00a-4a0c-bb73-ffa4e5f324ec','04e79326-4969-4264-84a5-aaaded2dda2f','pending',3,NULL,NULL,1774875991339,1774875991339);
INSERT INTO workout_exercise_set VALUES('c65eca91-6327-4894-88a3-12a04c0b2457','04e79326-4969-4264-84a5-aaaded2dda2f','pending',4,NULL,NULL,1774875991340,1774875991340);
INSERT INTO workout_exercise_set VALUES('477434ad-2553-492f-a6ab-5d2f70dc5a5b','987fa6f4-3097-44bc-a342-443f646c8c54','pending',0,NULL,NULL,1774875991342,1774875991342);
INSERT INTO workout_exercise_set VALUES('236aa576-4253-4610-a4fc-84cc23fb0e48','987fa6f4-3097-44bc-a342-443f646c8c54','pending',1,NULL,NULL,1774875991343,1774875991343);
INSERT INTO workout_exercise_set VALUES('67f44d14-c56f-4c2b-b898-f7003ba1f409','987fa6f4-3097-44bc-a342-443f646c8c54','pending',2,NULL,NULL,1774875991344,1774875991344);
INSERT INTO workout_exercise_set VALUES('f33abb6e-51b9-4309-8720-04a76a79da2f','987fa6f4-3097-44bc-a342-443f646c8c54','pending',3,NULL,NULL,1774875991344,1774875991344);
INSERT INTO workout_exercise_set VALUES('b339bd67-1085-4977-ab45-9e66c9f004b0','578fef53-d688-4f15-b6ec-a8bea99eafcb','pending',0,NULL,NULL,1774875991346,1774875991346);
INSERT INTO workout_exercise_set VALUES('168ced59-cd16-43fa-816f-a9e3e558c32c','578fef53-d688-4f15-b6ec-a8bea99eafcb','pending',1,NULL,NULL,1774875991347,1774875991347);
INSERT INTO workout_exercise_set VALUES('00656792-6eda-4c86-a380-d7252b443159','578fef53-d688-4f15-b6ec-a8bea99eafcb','pending',2,NULL,NULL,1774875991348,1774875991348);
INSERT INTO workout_exercise_set VALUES('d6495d74-3cd2-4a87-a87b-737ae8b11fb7','b4e58592-0541-4b2e-b8af-4a1ebed13cfc','pending',0,NULL,NULL,1774875991350,1774875991350);
INSERT INTO workout_exercise_set VALUES('61bc23e7-ea35-49b9-a464-95e6b843e751','b4e58592-0541-4b2e-b8af-4a1ebed13cfc','pending',1,NULL,NULL,1774875991351,1774875991351);
INSERT INTO workout_exercise_set VALUES('af1db48a-b279-447a-9942-89dd6e3becde','b4e58592-0541-4b2e-b8af-4a1ebed13cfc','pending',2,NULL,NULL,1774875991352,1774875991352);
INSERT INTO workout_exercise_set VALUES('82666261-7c45-4fcc-aec3-cc9557db4911','2519ba1c-3034-4f35-97c9-34f334db0624','pending',0,NULL,NULL,1774875991354,1774875991354);
INSERT INTO workout_exercise_set VALUES('59f31572-d464-4b18-a949-47caa3715e7c','2519ba1c-3034-4f35-97c9-34f334db0624','pending',1,NULL,NULL,1774875991355,1774875991355);
INSERT INTO workout_exercise_set VALUES('514920c5-30ee-4111-bd0e-0be5fa3525f5','2519ba1c-3034-4f35-97c9-34f334db0624','pending',2,NULL,NULL,1774875991356,1774875991356);
INSERT INTO workout_exercise_set VALUES('70c73fa9-b9bd-48f9-9495-d0dcba46d71b','c48180f7-2df8-42f1-9a82-7ea8b936f993','pending',0,NULL,NULL,1774875991358,1774875991358);
INSERT INTO workout_exercise_set VALUES('56557bfb-f9ed-4381-af52-30245d878661','c48180f7-2df8-42f1-9a82-7ea8b936f993','pending',1,NULL,NULL,1774875991358,1774875991358);
INSERT INTO workout_exercise_set VALUES('d7a34e10-7019-4a8a-ac89-6d6c0b61ef28','c48180f7-2df8-42f1-9a82-7ea8b936f993','pending',2,NULL,NULL,1774875991359,1774875991359);
INSERT INTO workout_exercise_set VALUES('ac3ccd0b-0bde-4a08-b81f-e10a1e362c76','5efe1f6b-782b-4c13-9cc3-f25b13afdc24','pending',0,NULL,NULL,1774875991361,1774875991361);
INSERT INTO workout_exercise_set VALUES('c6b2c600-f8a8-4aec-93d2-1701093e8b87','5efe1f6b-782b-4c13-9cc3-f25b13afdc24','pending',1,NULL,NULL,1774875991362,1774875991362);
INSERT INTO workout_exercise_set VALUES('6b5bb3b6-8962-4609-ac99-acca0f6a5818','5efe1f6b-782b-4c13-9cc3-f25b13afdc24','pending',2,NULL,NULL,1774875991362,1774875991362);
INSERT INTO workout_exercise_set VALUES('f179a253-6680-49d6-805d-e48528dcc3ba','8d671a50-4b4d-4baa-8e9a-c2337fa273ff','pending',0,NULL,NULL,1774875991365,1774875991365);
INSERT INTO workout_exercise_set VALUES('28877db6-591e-4368-ab53-a2c8effbb249','8d671a50-4b4d-4baa-8e9a-c2337fa273ff','pending',1,NULL,NULL,1774875991366,1774875991366);
INSERT INTO workout_exercise_set VALUES('22bf8cf5-f1c0-482d-a907-c82ba831ae87','8d671a50-4b4d-4baa-8e9a-c2337fa273ff','pending',2,NULL,NULL,1774875991367,1774875991367);
INSERT INTO workout_exercise_set VALUES('2747d4e9-8b10-4d24-81a2-94df6cdaff6b','294d477d-1cf4-4dc7-97a8-98a24e0f1c6d','pending',0,NULL,NULL,1774875991368,1774875991368);
INSERT INTO workout_exercise_set VALUES('4f7a1cdb-d770-48b6-b29f-4d4def9cf49b','294d477d-1cf4-4dc7-97a8-98a24e0f1c6d','pending',1,NULL,NULL,1774875991369,1774875991369);
INSERT INTO workout_exercise_set VALUES('ca941d9f-eb89-4cc9-a3a5-e8a3529105f7','294d477d-1cf4-4dc7-97a8-98a24e0f1c6d','pending',2,NULL,NULL,1774875991370,1774875991370);
INSERT INTO workout_exercise_set VALUES('e3bcde50-cc96-442a-858c-ed8c4eb0ac80','4387500a-36a0-418e-bb46-c26fd982faab','pending',0,NULL,NULL,1774875991373,1774875991373);
INSERT INTO workout_exercise_set VALUES('46441e3f-3d7c-4102-ad1c-7b8ec6622709','4387500a-36a0-418e-bb46-c26fd982faab','pending',1,NULL,NULL,1774875991373,1774875991373);
INSERT INTO workout_exercise_set VALUES('bfbdbd97-6dfa-4042-bb5e-77365d45e091','4387500a-36a0-418e-bb46-c26fd982faab','pending',2,NULL,NULL,1774875991374,1774875991374);
INSERT INTO workout_exercise_set VALUES('5d9fe6c6-dcc3-4601-a09a-3c32fc95a4f3','4387500a-36a0-418e-bb46-c26fd982faab','pending',3,NULL,NULL,1774875991375,1774875991375);
INSERT INTO workout_exercise_set VALUES('ea92f79f-e720-4abd-acd3-a9d5f07f2f3f','4387500a-36a0-418e-bb46-c26fd982faab','pending',4,NULL,NULL,1774875991376,1774875991376);
INSERT INTO workout_exercise_set VALUES('7340861f-531d-4fed-ab6d-789b5b3b963f','572add9b-f500-43bc-994c-6c818012fd12','pending',0,NULL,NULL,1774875991378,1774875991378);
INSERT INTO workout_exercise_set VALUES('835f0c51-fcc1-4f4b-b12b-1360e3bf8fac','572add9b-f500-43bc-994c-6c818012fd12','pending',1,NULL,NULL,1774875991378,1774875991378);
INSERT INTO workout_exercise_set VALUES('274f4e7c-ebf9-4d62-bd1b-c5d51d9771ff','572add9b-f500-43bc-994c-6c818012fd12','pending',2,NULL,NULL,1774875991379,1774875991379);
INSERT INTO workout_exercise_set VALUES('09eaad33-d135-4be7-b1ca-2a1bea69ca8f','572add9b-f500-43bc-994c-6c818012fd12','pending',3,NULL,NULL,1774875991380,1774875991380);
INSERT INTO workout_exercise_set VALUES('c7381fc4-dd39-4d07-b7b3-77ffa3af5808','572add9b-f500-43bc-994c-6c818012fd12','pending',4,NULL,NULL,1774875991381,1774875991381);
INSERT INTO workout_exercise_set VALUES('4f7c562b-9ade-4105-9220-2a262e06ec29','17608bbf-5b0e-43e5-87b3-aa2cdf2a424f','pending',0,NULL,NULL,1774875991383,1774875991383);
INSERT INTO workout_exercise_set VALUES('9acb60ce-511c-4994-8dda-8215f96fb6b9','17608bbf-5b0e-43e5-87b3-aa2cdf2a424f','pending',1,NULL,NULL,1774875991384,1774875991384);
INSERT INTO workout_exercise_set VALUES('15b59563-bedb-4410-86f9-ad20f3c0fabf','17608bbf-5b0e-43e5-87b3-aa2cdf2a424f','pending',2,NULL,NULL,1774875991384,1774875991384);
INSERT INTO workout_exercise_set VALUES('b2435c30-b982-4c20-95cf-08e7e323c551','17608bbf-5b0e-43e5-87b3-aa2cdf2a424f','pending',3,NULL,NULL,1774875991385,1774875991385);
INSERT INTO workout_exercise_set VALUES('611df4c2-1ef0-42dd-914b-00e56a381328','22b4a5a1-c1ea-4e46-a902-a38334d49219','pending',0,NULL,NULL,1774875991387,1774875991387);
INSERT INTO workout_exercise_set VALUES('4a35b620-216e-4437-b451-ceb6039849fd','22b4a5a1-c1ea-4e46-a902-a38334d49219','pending',1,NULL,NULL,1774875991388,1774875991388);
INSERT INTO workout_exercise_set VALUES('c2e0e334-f3ce-4a29-b511-143e71e3dd29','22b4a5a1-c1ea-4e46-a902-a38334d49219','pending',2,NULL,NULL,1774875991389,1774875991389);
INSERT INTO workout_exercise_set VALUES('a1979547-1cd7-4d4a-999a-2b24b064b5de','f697b165-53d9-4e80-9cc3-29e194cc54d6','pending',0,NULL,NULL,1774875991390,1774875991390);
INSERT INTO workout_exercise_set VALUES('91f685e8-e565-467f-b480-1d15e67f89cc','f697b165-53d9-4e80-9cc3-29e194cc54d6','pending',1,NULL,NULL,1774875991391,1774875991391);
INSERT INTO workout_exercise_set VALUES('b08697e7-ff8c-4d07-85f5-90f9c3707e31','f697b165-53d9-4e80-9cc3-29e194cc54d6','pending',2,NULL,NULL,1774875991392,1774875991392);
