INSERT INTO __drizzle_migrations VALUES(NULL,'',1770631599943);
INSERT INTO __drizzle_migrations VALUES(NULL,'0001_tense_tyger_tiger',1771433422855);
INSERT INTO exercise VALUES('413db5a0-47fb-48da-b9c3-d3267c427613','Leg Press','Quads',1770959304028,1770959304028);
INSERT INTO exercise VALUES('dbcaf166-8f74-404d-a8dc-14aa36aa2532','Single Leg Press','Quads',1770959304028,1770959304028);
INSERT INTO exercise VALUES('cb84c17d-1b79-4b23-a6a4-5947a545d141','Smith Machine Bulgarian Split Squat','Quads',1770959304028,1770959304028);
INSERT INTO exercise VALUES('b97959a3-7307-4e7a-a8cc-70624014334f','Dumbell Bulgarian Split Squat','Quads',1770959304028,1770959304028);
INSERT INTO exercise VALUES('f455f01f-2c4e-4acd-aed6-bc04ae1ac537','Barbell Split Squat','Quads',1770959304028,1770959304028);
INSERT INTO exercise VALUES('ec66370f-06a8-4d8a-887d-3d2addf7f662','Leg Extension','Quads',1770959304028,1770959304028);
INSERT INTO exercise VALUES('10a9c2b4-0ba1-4628-89d9-0a5f2662ccfa','Single Leg Extension','Quads',1770959304028,1770959304028);
INSERT INTO exercise VALUES('e813b4cf-4ce0-413e-babb-6eef28b9379f','Slow Eccentric Leg Extension','Quads',1770959304028,1770959304028);
INSERT INTO exercise VALUES('2bb30c14-b2ac-41e7-82d5-cec31f6750e8','Hack Squat','Quads',1770959304028,1770959304028);
INSERT INTO exercise VALUES('6976de9f-8034-443e-8952-10e4590fd576','Smith Machine Squat','Quads',1770959304028,1770959304028);
INSERT INTO exercise VALUES('0c8884cd-4e47-4873-8d47-fd04da24e548','Barbell Back Squat','Quads',1770959304028,1770959304028);
INSERT INTO exercise VALUES('e7091ae5-c0ea-4d75-847a-1d764665ef6c','Goblet Squat','Quads',1770959304028,1770959304028);
INSERT INTO exercise VALUES('a1ef3612-afe9-495b-8e87-b01635a26f4d','Safety Bar Squat','Quads',1770959304028,1770959304028);
INSERT INTO exercise VALUES('18f22ad0-47a4-4d3e-ab77-ffe5c76932ba','Romanian Deadlift','Hamstrings',1770959304028,1770959304028);
INSERT INTO exercise VALUES('dbe6fdf2-4d5f-4bb7-ae2f-57d45fb96bbf','Stiff Leg Deadlift','Hamstrings',1770959304028,1770959304028);
INSERT INTO exercise VALUES('241384e4-20f9-4ca3-87c1-4b4a0201c454','Single-Leg Romanian Deadlift','Hamstrings',1770959304028,1770959304028);
INSERT INTO exercise VALUES('b476941c-e507-44a2-8f19-a83c53727254','Barbell Good Morning','Hamstrings',1770959304028,1770959304028);
INSERT INTO exercise VALUES('072947f0-a500-4619-abab-4b556590aca0','Kettlebell Swing','Hamstrings',1770959304028,1770959304028);
INSERT INTO exercise VALUES('0009af3c-02ab-4784-ac42-6273ad454d6e','Cable Pull-Through','Hamstrings',1770959304028,1770959304028);
INSERT INTO exercise VALUES('daa7b893-93fa-44f4-978e-6f44ce434087','Leg Curl','Hamstrings',1770959304028,1770959304028);
INSERT INTO exercise VALUES('f80ac253-71ff-4731-a66a-b6941972a7cf','Single Leg Curl','Hamstrings',1770959304028,1770959304028);
INSERT INTO exercise VALUES('52b9afab-df7c-4739-ba89-dd1a4b19e899','Machine Hip Thrust','Glutes',1770959304028,1770959304028);
INSERT INTO exercise VALUES('3424cda4-0340-401c-b5be-b74637e952af','Barbell Hip Thrust','Glutes',1770959304028,1770959304028);
INSERT INTO exercise VALUES('5476d63e-c12e-4435-a721-19b537a43c22','Glute Bridge','Glutes',1770959304028,1770959304028);
INSERT INTO exercise VALUES('8558ee63-2ee7-43d0-b66e-f7d4fe69df7a','Front Foot Elevated Split Squat','Glutes',1770959304028,1770959304028);
INSERT INTO exercise VALUES('ada58d6c-4e83-4451-ba48-f6be0152ddf7','Sumo Squat','Glutes',1770959304028,1770959304028);
INSERT INTO exercise VALUES('6eaf5bd1-5b7b-469a-9705-b25dc40e36d6','Glute Abduction','Glutes',1770959304028,1770959304028);
INSERT INTO exercise VALUES('80b80ce3-f0ad-40ca-a50e-361ef2531f62','Cable Kickbacks','Glutes',1770959304028,1770959304028);
INSERT INTO exercise VALUES('0ee1b435-4527-4397-873a-e37a9de5fdcd','Preacher Curl','Biceps',1770959304028,1770959304028);
INSERT INTO exercise VALUES('07415498-a542-4e60-8844-e321294d129b','Cable Biceps Curl','Biceps',1770959304028,1770959304028);
INSERT INTO exercise VALUES('ceeaf956-ef41-4b66-b1ad-27df4784c14d','Concentration Curl','Biceps',1770959304028,1770959304028);
INSERT INTO exercise VALUES('3e1015f1-6786-4f92-ac6b-a3e90151d072','Behind Back Cable Biceps Curl','Biceps',1770959304028,1770959304028);
INSERT INTO exercise VALUES('3733461f-97d0-42b6-a00f-96e1807dfc16','Hammer Curl','Biceps',1770959304028,1770959304028);
INSERT INTO exercise VALUES('2a800919-829b-4af6-8b7a-fb8a4abf7e87','Reverse Grip Cable Curl','Biceps',1770959304028,1770959304028);
INSERT INTO exercise VALUES('362f6ed2-f4a0-411a-a408-e3b4ef8985cb','Preacher Hammer Curl','Biceps',1770959304028,1770959304028);
INSERT INTO exercise VALUES('72d721bb-6650-4939-9d9b-a04d5c0825aa','JM Press','Triceps',1770959304028,1770959304028);
INSERT INTO exercise VALUES('14d3aa19-c842-404f-bf8e-dc441c8d0848','Cable Overhead Triceps Extension','Triceps',1770959304028,1770959304028);
INSERT INTO exercise VALUES('2dd2ae43-39ad-4ea6-9073-0d857b05abb2','EZ Skull Crusher','Triceps',1770959304028,1770959304028);
INSERT INTO exercise VALUES('47f89388-5331-4720-aea1-cb112b53f065','Dumbell Skull Crusher','Triceps',1770959304028,1770959304028);
INSERT INTO exercise VALUES('cbc0db4b-a4b3-4db7-97dc-3d2959427db1','Close Grip Bench Press','Triceps',1770959304028,1770959304028);
INSERT INTO exercise VALUES('057166ca-3357-4202-b079-5d441febc917','Triceps Pushdown','Triceps',1770959304028,1770959304028);
INSERT INTO exercise VALUES('a951d005-99f9-4b29-aaef-645eb581dc90','Diamond Pushups','Triceps',1770959304028,1770959304028);
INSERT INTO exercise VALUES('99385e35-acf7-479a-b711-1efef63e9864','Cable Crunch','Abs',1770959304028,1770959304028);
INSERT INTO exercise VALUES('62c84346-0f91-4138-bee3-5a4825368e53','Crunch Machine','Abs',1770959304028,1770959304028);
INSERT INTO exercise VALUES('fd4ce2f4-8f9e-4ddf-a4bd-3f06b1ed5945','Cable Reverse Crunch','Abs',1770959304028,1770959304028);
INSERT INTO exercise VALUES('d1118e27-59d1-4f8d-8fcd-682bdf0bf2e3','Decline Sit Up','Abs',1770959304028,1770959304028);
INSERT INTO exercise VALUES('220e9003-b7d3-4597-b168-ffc3dd4e7f6c','Decline Russian Twist','Abs',1770959304028,1770959304028);
INSERT INTO exercise VALUES('25aefbc6-6e00-40f2-be8b-96137b2198a3','Cable Woodchopper','Abs',1770959304028,1770959304028);
INSERT INTO exercise VALUES('12f810c0-9f61-4eae-aca0-7fab09edb0b1','Lateral Pull Down','Back',1770959304028,1770959304028);
INSERT INTO exercise VALUES('78709549-2550-4ca7-ad67-673777682d96','Pull from High Cable','Back',1770959304028,1770959304028);
INSERT INTO exercise VALUES('80825eb1-e75a-420d-a143-c9c3603ec935','Cable Pull Over','Back',1770959304028,1770959304028);
INSERT INTO exercise VALUES('b613025f-fcaa-4aef-96b8-3b62db1f7037','Row Machine','Back',1770959304028,1770959304028);
INSERT INTO exercise VALUES('7227c8a2-89cd-46ec-a41a-23ec27cce126','Chest Supported Row','Back',1770959304028,1770959304028);
INSERT INTO exercise VALUES('58ed5918-0cbd-4a31-b777-aaf215ca062b','Pendlay Row','Back',1770959304028,1770959304028);
INSERT INTO exercise VALUES('64d614d0-a383-4f3e-bb26-2f5e8d526065','Dumbell Single Arm Row','Back',1770959304028,1770959304028);
INSERT INTO exercise VALUES('26a90782-edcf-42ec-af19-0b8415f5c9f8','Smith Machine Incline Bench Press','Chest',1770959304028,1770959304028);
INSERT INTO exercise VALUES('f1824834-9351-435d-85f9-7db91666c9e4','Incline Dumbell Bench Pres','Chest',1770959304028,1770959304028);
INSERT INTO exercise VALUES('7e36425b-1245-464f-b04a-220d601d799a','Incline Barbell Bench Press','Chest',1770959304028,1770959304028);
INSERT INTO exercise VALUES('b48e67e3-8de9-4fbe-879f-0e875058113b','Chest Press Machine','Chest',1770959304028,1770959304028);
INSERT INTO exercise VALUES('d3f7b945-f7c4-4c5b-8d39-8857cd583376','Barbell Bench Press','Chest',1770959304028,1770959304028);
INSERT INTO exercise VALUES('a17f1d8c-d7a5-4733-83b1-626230c509cf','Dumbell Bench Press','Chest',1770959304028,1770959304028);
INSERT INTO exercise VALUES('74abe9d9-800e-403a-9c6a-8a74e4b0e111','Chest Dips','Chest',1770959304028,1770959304028);
INSERT INTO exercise VALUES('5c1fd719-a5de-43c4-887a-aa1325d2e46e','Pec Deck','Chest',1770959304028,1770959304028);
INSERT INTO exercise VALUES('26a46a2f-5282-434f-be8b-8de8c04ac355','Cable Flye','Chest',1770959304028,1770959304028);
INSERT INTO exercise VALUES('79b80224-121e-4911-853b-0760be442b48','Dumbell Flye','Chest',1770959304028,1770959304028);
INSERT INTO exercise VALUES('79540188-80f0-4dcb-8fc2-73900d12d353','Reverse Pec Deck','RearDelts',1770959304028,1770959304028);
INSERT INTO exercise VALUES('b3c0ede8-94f5-4d88-bf05-78c249927f72','Dumbell Rear Delt Flye','RearDelts',1770959304028,1770959304028);
INSERT INTO exercise VALUES('a2cfd57b-e596-42ef-abfd-3f14a088ec8f','Machine Rear Delt Row','RearDelts',1770959304028,1770959304028);
INSERT INTO exercise VALUES('6aa633ec-45f7-4884-bab7-19d7d42df1d7','Seal Row','RearDelts',1770959304028,1770959304028);
INSERT INTO exercise VALUES('81ceec6f-272e-42df-8150-da8080a15c8e','Cable Rear Delt Row','RearDelts',1770959304028,1770959304028);
INSERT INTO exercise VALUES('ef52e5f7-ba8d-42bf-b772-c06b0ff3ce50','Dumbell Lateral Raises','SideDelts',1770959304028,1770959304028);
INSERT INTO exercise VALUES('8391d82e-c7e2-474e-8c1b-34348c906e37','Machine Lateral Raises','SideDelts',1770959304028,1770959304028);
INSERT INTO exercise VALUES('e5736887-58a5-460b-bd11-22bd80923466','Lying Dumbell Side Raises','SideDelts',1770959304028,1770959304028);
INSERT INTO exercise VALUES('3757f494-2049-47c5-b22b-a728b5531de0','Bench Supported Dumbell Lateral Raises','SideDelts',1770959304028,1770959304028);
INSERT INTO exercise VALUES('5da44942-bc01-46ff-82b7-300fe401d783','Cable Lateral Raise','SideDelts',1770959304028,1770959304028);
INSERT INTO exercise VALUES('ad5f29cb-797b-41b0-84ce-07f20ea39e3e','Behind the Back Lateral Raises','SideDelts',1770959304028,1770959304028);
INSERT INTO exercise VALUES('81be943c-2ed8-4ae1-80da-a2b41c9a23de','Leaning Cable Lateral Raises','SideDelts',1770959304028,1770959304028);
INSERT INTO exercise VALUES('3b0db4af-ffdc-4071-8ee1-a5ee846fdf6e','Shoulder Machine Press','SideDelts',1770959304028,1770959304028);
INSERT INTO exercise VALUES('b875c6bf-2806-4183-9149-7ed330d95614','Barbell Strict Press','SideDelts',1770959304028,1770959304028);
INSERT INTO exercise_metadata VALUES('413db5a0-47fb-48da-b9c3-d3267c427613-metadata','413db5a0-47fb-48da-b9c3-d3267c427613','QuadsPress',0,'none');
INSERT INTO exercise_metadata VALUES('dbcaf166-8f74-404d-a8dc-14aa36aa2532-metadata','dbcaf166-8f74-404d-a8dc-14aa36aa2532','QuadsPress',1,'advanced');
INSERT INTO exercise_metadata VALUES('cb84c17d-1b79-4b23-a6a4-5947a545d141-metadata','cb84c17d-1b79-4b23-a6a4-5947a545d141','QuadsPress',2,'none');
INSERT INTO exercise_metadata VALUES('b97959a3-7307-4e7a-a8cc-70624014334f-metadata','b97959a3-7307-4e7a-a8cc-70624014334f','QuadsPress',3,'none');
INSERT INTO exercise_metadata VALUES('f455f01f-2c4e-4acd-aed6-bc04ae1ac537-metadata','f455f01f-2c4e-4acd-aed6-bc04ae1ac537','QuadsPress',4,'none');
INSERT INTO exercise_metadata VALUES('ec66370f-06a8-4d8a-887d-3d2addf7f662-metadata','ec66370f-06a8-4d8a-887d-3d2addf7f662','QuadsExtension',0,'none');
INSERT INTO exercise_metadata VALUES('10a9c2b4-0ba1-4628-89d9-0a5f2662ccfa-metadata','10a9c2b4-0ba1-4628-89d9-0a5f2662ccfa','QuadsExtension',1,'none');
INSERT INTO exercise_metadata VALUES('e813b4cf-4ce0-413e-babb-6eef28b9379f-metadata','e813b4cf-4ce0-413e-babb-6eef28b9379f','QuadsExtension',2,'none');
INSERT INTO exercise_metadata VALUES('2bb30c14-b2ac-41e7-82d5-cec31f6750e8-metadata','2bb30c14-b2ac-41e7-82d5-cec31f6750e8','QuadsSquat',0,'intermediate');
INSERT INTO exercise_metadata VALUES('6976de9f-8034-443e-8952-10e4590fd576-metadata','6976de9f-8034-443e-8952-10e4590fd576','QuadsSquat',1,'none');
INSERT INTO exercise_metadata VALUES('0c8884cd-4e47-4873-8d47-fd04da24e548-metadata','0c8884cd-4e47-4873-8d47-fd04da24e548','QuadsSquat',2,'none');
INSERT INTO exercise_metadata VALUES('e7091ae5-c0ea-4d75-847a-1d764665ef6c-metadata','e7091ae5-c0ea-4d75-847a-1d764665ef6c','QuadsSquat',3,'none');
INSERT INTO exercise_metadata VALUES('a1ef3612-afe9-495b-8e87-b01635a26f4d-metadata','a1ef3612-afe9-495b-8e87-b01635a26f4d','QuadsSquat',5,'advanced');
INSERT INTO exercise_metadata VALUES('18f22ad0-47a4-4d3e-ab77-ffe5c76932ba-metadata','18f22ad0-47a4-4d3e-ab77-ffe5c76932ba','HamstringsHipHinge',0,'none');
INSERT INTO exercise_metadata VALUES('dbe6fdf2-4d5f-4bb7-ae2f-57d45fb96bbf-metadata','dbe6fdf2-4d5f-4bb7-ae2f-57d45fb96bbf','HamstringsHipHinge',1,'none');
INSERT INTO exercise_metadata VALUES('241384e4-20f9-4ca3-87c1-4b4a0201c454-metadata','241384e4-20f9-4ca3-87c1-4b4a0201c454','HamstringsHipHinge',2,'none');
INSERT INTO exercise_metadata VALUES('b476941c-e507-44a2-8f19-a83c53727254-metadata','b476941c-e507-44a2-8f19-a83c53727254','HamstringsHipHinge',3,'intermediate');
INSERT INTO exercise_metadata VALUES('072947f0-a500-4619-abab-4b556590aca0-metadata','072947f0-a500-4619-abab-4b556590aca0','HamstringsHipHinge',4,'none');
INSERT INTO exercise_metadata VALUES('0009af3c-02ab-4784-ac42-6273ad454d6e-metadata','0009af3c-02ab-4784-ac42-6273ad454d6e','HamstringsHipHinge',5,'none');
INSERT INTO exercise_metadata VALUES('daa7b893-93fa-44f4-978e-6f44ce434087-metadata','daa7b893-93fa-44f4-978e-6f44ce434087','HamstringsCurl',0,'none');
INSERT INTO exercise_metadata VALUES('f80ac253-71ff-4731-a66a-b6941972a7cf-metadata','f80ac253-71ff-4731-a66a-b6941972a7cf','HamstringsCurl',1,'none');
INSERT INTO exercise_metadata VALUES('52b9afab-df7c-4739-ba89-dd1a4b19e899-metadata','52b9afab-df7c-4739-ba89-dd1a4b19e899','GlutesThrust',0,'intermediate');
INSERT INTO exercise_metadata VALUES('3424cda4-0340-401c-b5be-b74637e952af-metadata','3424cda4-0340-401c-b5be-b74637e952af','GlutesThrust',1,'none');
INSERT INTO exercise_metadata VALUES('5476d63e-c12e-4435-a721-19b537a43c22-metadata','5476d63e-c12e-4435-a721-19b537a43c22','GlutesThrust',2,'none');
INSERT INTO exercise_metadata VALUES('8558ee63-2ee7-43d0-b66e-f7d4fe69df7a-metadata','8558ee63-2ee7-43d0-b66e-f7d4fe69df7a','GlutesSquat',0,'advanced');
INSERT INTO exercise_metadata VALUES('ada58d6c-4e83-4451-ba48-f6be0152ddf7-metadata','ada58d6c-4e83-4451-ba48-f6be0152ddf7','GlutesSquat',1,'none');
INSERT INTO exercise_metadata VALUES('6eaf5bd1-5b7b-469a-9705-b25dc40e36d6-metadata','6eaf5bd1-5b7b-469a-9705-b25dc40e36d6','GlutesAbduction',0,'none');
INSERT INTO exercise_metadata VALUES('80b80ce3-f0ad-40ca-a50e-361ef2531f62-metadata','80b80ce3-f0ad-40ca-a50e-361ef2531f62','GlutesAbduction',1,'none');
INSERT INTO exercise_metadata VALUES('0ee1b435-4527-4397-873a-e37a9de5fdcd-metadata','0ee1b435-4527-4397-873a-e37a9de5fdcd','BicepsLengthenedCurl',0,'intermediate');
INSERT INTO exercise_metadata VALUES('07415498-a542-4e60-8844-e321294d129b-metadata','07415498-a542-4e60-8844-e321294d129b','BicepsLengthenedCurl',1,'none');
INSERT INTO exercise_metadata VALUES('ceeaf956-ef41-4b66-b1ad-27df4784c14d-metadata','ceeaf956-ef41-4b66-b1ad-27df4784c14d','BicepsShorthenedCurl',0,'none');
INSERT INTO exercise_metadata VALUES('3e1015f1-6786-4f92-ac6b-a3e90151d072-metadata','3e1015f1-6786-4f92-ac6b-a3e90151d072','BicepsShorthenedCurl',1,'none');
INSERT INTO exercise_metadata VALUES('3733461f-97d0-42b6-a00f-96e1807dfc16-metadata','3733461f-97d0-42b6-a00f-96e1807dfc16','BicepsBrachialis',0,'none');
INSERT INTO exercise_metadata VALUES('2a800919-829b-4af6-8b7a-fb8a4abf7e87-metadata','2a800919-829b-4af6-8b7a-fb8a4abf7e87','BicepsBrachialis',1,'none');
INSERT INTO exercise_metadata VALUES('362f6ed2-f4a0-411a-a408-e3b4ef8985cb-metadata','362f6ed2-f4a0-411a-a408-e3b4ef8985cb','BicepsBrachialis',2,'none');
INSERT INTO exercise_metadata VALUES('72d721bb-6650-4939-9d9b-a04d5c0825aa-metadata','72d721bb-6650-4939-9d9b-a04d5c0825aa','TricepsLonghead',0,'advanced');
INSERT INTO exercise_metadata VALUES('14d3aa19-c842-404f-bf8e-dc441c8d0848-metadata','14d3aa19-c842-404f-bf8e-dc441c8d0848','TricepsLonghead',1,'none');
INSERT INTO exercise_metadata VALUES('2dd2ae43-39ad-4ea6-9073-0d857b05abb2-metadata','2dd2ae43-39ad-4ea6-9073-0d857b05abb2','TricepsLonghead',2,'none');
INSERT INTO exercise_metadata VALUES('47f89388-5331-4720-aea1-cb112b53f065-metadata','47f89388-5331-4720-aea1-cb112b53f065','TricepsLonghead',3,'none');
INSERT INTO exercise_metadata VALUES('cbc0db4b-a4b3-4db7-97dc-3d2959427db1-metadata','cbc0db4b-a4b3-4db7-97dc-3d2959427db1','TricepsShorthead',0,'intermediate');
INSERT INTO exercise_metadata VALUES('057166ca-3357-4202-b079-5d441febc917-metadata','057166ca-3357-4202-b079-5d441febc917','TricepsShorthead',1,'none');
INSERT INTO exercise_metadata VALUES('a951d005-99f9-4b29-aaef-645eb581dc90-metadata','a951d005-99f9-4b29-aaef-645eb581dc90','TricepsShorthead',2,'none');
INSERT INTO exercise_metadata VALUES('99385e35-acf7-479a-b711-1efef63e9864-metadata','99385e35-acf7-479a-b711-1efef63e9864','AbsUpper',0,'none');
INSERT INTO exercise_metadata VALUES('62c84346-0f91-4138-bee3-5a4825368e53-metadata','62c84346-0f91-4138-bee3-5a4825368e53','AbsUpper',1,'none');
INSERT INTO exercise_metadata VALUES('fd4ce2f4-8f9e-4ddf-a4bd-3f06b1ed5945-metadata','fd4ce2f4-8f9e-4ddf-a4bd-3f06b1ed5945','AbsLower',0,'none');
INSERT INTO exercise_metadata VALUES('d1118e27-59d1-4f8d-8fcd-682bdf0bf2e3-metadata','d1118e27-59d1-4f8d-8fcd-682bdf0bf2e3','AbsLower',1,'none');
INSERT INTO exercise_metadata VALUES('220e9003-b7d3-4597-b168-ffc3dd4e7f6c-metadata','220e9003-b7d3-4597-b168-ffc3dd4e7f6c','AbsLower',2,'none');
INSERT INTO exercise_metadata VALUES('25aefbc6-6e00-40f2-be8b-96137b2198a3-metadata','25aefbc6-6e00-40f2-be8b-96137b2198a3','AbsLower',3,'none');
INSERT INTO exercise_metadata VALUES('12f810c0-9f61-4eae-aca0-7fab09edb0b1-metadata','12f810c0-9f61-4eae-aca0-7fab09edb0b1','BackVerticalPull',0,'none');
INSERT INTO exercise_metadata VALUES('78709549-2550-4ca7-ad67-673777682d96-metadata','78709549-2550-4ca7-ad67-673777682d96','BackVerticalPull',1,'none');
INSERT INTO exercise_metadata VALUES('80825eb1-e75a-420d-a143-c9c3603ec935-metadata','80825eb1-e75a-420d-a143-c9c3603ec935','BackVerticalPull',2,'none');
INSERT INTO exercise_metadata VALUES('b613025f-fcaa-4aef-96b8-3b62db1f7037-metadata','b613025f-fcaa-4aef-96b8-3b62db1f7037','BackHorizontalPull',0,'none');
INSERT INTO exercise_metadata VALUES('7227c8a2-89cd-46ec-a41a-23ec27cce126-metadata','7227c8a2-89cd-46ec-a41a-23ec27cce126','BackHorizontalPull',1,'none');
INSERT INTO exercise_metadata VALUES('58ed5918-0cbd-4a31-b777-aaf215ca062b-metadata','58ed5918-0cbd-4a31-b777-aaf215ca062b','BackHorizontalPull',2,'advanced');
INSERT INTO exercise_metadata VALUES('64d614d0-a383-4f3e-bb26-2f5e8d526065-metadata','64d614d0-a383-4f3e-bb26-2f5e8d526065','BackHorizontalPull',3,'none');
INSERT INTO exercise_metadata VALUES('26a90782-edcf-42ec-af19-0b8415f5c9f8-metadata','26a90782-edcf-42ec-af19-0b8415f5c9f8','ChestUpper',0,'intermediate');
INSERT INTO exercise_metadata VALUES('f1824834-9351-435d-85f9-7db91666c9e4-metadata','f1824834-9351-435d-85f9-7db91666c9e4','ChestUpper',1,'none');
INSERT INTO exercise_metadata VALUES('7e36425b-1245-464f-b04a-220d601d799a-metadata','7e36425b-1245-464f-b04a-220d601d799a','ChestUpper',2,'none');
INSERT INTO exercise_metadata VALUES('b48e67e3-8de9-4fbe-879f-0e875058113b-metadata','b48e67e3-8de9-4fbe-879f-0e875058113b','ChestMiddle',0,'intermediate');
INSERT INTO exercise_metadata VALUES('d3f7b945-f7c4-4c5b-8d39-8857cd583376-metadata','d3f7b945-f7c4-4c5b-8d39-8857cd583376','ChestMiddle',1,'none');
INSERT INTO exercise_metadata VALUES('a17f1d8c-d7a5-4733-83b1-626230c509cf-metadata','a17f1d8c-d7a5-4733-83b1-626230c509cf','ChestMiddle',2,'none');
INSERT INTO exercise_metadata VALUES('74abe9d9-800e-403a-9c6a-8a74e4b0e111-metadata','74abe9d9-800e-403a-9c6a-8a74e4b0e111','ChestMiddle',3,'none');
INSERT INTO exercise_metadata VALUES('5c1fd719-a5de-43c4-887a-aa1325d2e46e-metadata','5c1fd719-a5de-43c4-887a-aa1325d2e46e','ChestFly',0,'none');
INSERT INTO exercise_metadata VALUES('26a46a2f-5282-434f-be8b-8de8c04ac355-metadata','26a46a2f-5282-434f-be8b-8de8c04ac355','ChestFly',1,'none');
INSERT INTO exercise_metadata VALUES('79b80224-121e-4911-853b-0760be442b48-metadata','79b80224-121e-4911-853b-0760be442b48','ChestFly',2,'none');
INSERT INTO exercise_metadata VALUES('79540188-80f0-4dcb-8fc2-73900d12d353-metadata','79540188-80f0-4dcb-8fc2-73900d12d353','RearDeltsReverseFly',0,'none');
INSERT INTO exercise_metadata VALUES('b3c0ede8-94f5-4d88-bf05-78c249927f72-metadata','b3c0ede8-94f5-4d88-bf05-78c249927f72','RearDeltsReverseFly',1,'none');
INSERT INTO exercise_metadata VALUES('a2cfd57b-e596-42ef-abfd-3f14a088ec8f-metadata','a2cfd57b-e596-42ef-abfd-3f14a088ec8f','RearDeltsRow',0,'none');
INSERT INTO exercise_metadata VALUES('6aa633ec-45f7-4884-bab7-19d7d42df1d7-metadata','6aa633ec-45f7-4884-bab7-19d7d42df1d7','RearDeltsRow',1,'none');
INSERT INTO exercise_metadata VALUES('81ceec6f-272e-42df-8150-da8080a15c8e-metadata','81ceec6f-272e-42df-8150-da8080a15c8e','RearDeltsRow',2,'none');
INSERT INTO exercise_metadata VALUES('ef52e5f7-ba8d-42bf-b772-c06b0ff3ce50-metadata','ef52e5f7-ba8d-42bf-b772-c06b0ff3ce50','SideDeltsDumbellLateralRaise',0,'none');
INSERT INTO exercise_metadata VALUES('8391d82e-c7e2-474e-8c1b-34348c906e37-metadata','8391d82e-c7e2-474e-8c1b-34348c906e37','SideDeltsDumbellLateralRaise',1,'none');
INSERT INTO exercise_metadata VALUES('e5736887-58a5-460b-bd11-22bd80923466-metadata','e5736887-58a5-460b-bd11-22bd80923466','SideDeltsDumbellIsolatedLateralRaise',0,'intermediate');
INSERT INTO exercise_metadata VALUES('3757f494-2049-47c5-b22b-a728b5531de0-metadata','3757f494-2049-47c5-b22b-a728b5531de0','SideDeltsDumbellIsolatedLateralRaise',1,'none');
INSERT INTO exercise_metadata VALUES('5da44942-bc01-46ff-82b7-300fe401d783-metadata','5da44942-bc01-46ff-82b7-300fe401d783','SideDeltsCableLateralRaise',0,'none');
INSERT INTO exercise_metadata VALUES('ad5f29cb-797b-41b0-84ce-07f20ea39e3e-metadata','ad5f29cb-797b-41b0-84ce-07f20ea39e3e','SideDeltsCableLateralRaise',1,'none');
INSERT INTO exercise_metadata VALUES('81be943c-2ed8-4ae1-80da-a2b41c9a23de-metadata','81be943c-2ed8-4ae1-80da-a2b41c9a23de','SideDeltsCableLateralRaise',2,'none');
INSERT INTO exercise_metadata VALUES('3b0db4af-ffdc-4071-8ee1-a5ee846fdf6e-metadata','3b0db4af-ffdc-4071-8ee1-a5ee846fdf6e','SideDeltsPress',0,'none');
INSERT INTO exercise_metadata VALUES('b875c6bf-2806-4183-9149-7ed330d95614-metadata','b875c6bf-2806-4183-9149-7ed330d95614','SideDeltsPress',1,'none');
INSERT INTO mesocycle VALUES('cac6dde0-a1cb-49dc-afc2-8a8b57a29796','local-user',1,NULL,1770959335000);
INSERT INTO microcycle VALUES('ee69595e-6da7-40c2-89db-3ce55008b21e','cac6dde0-a1cb-49dc-afc2-8a8b57a29796',0,NULL,1770959335000);
INSERT INTO microcycle_workout VALUES('03737ddf-5c3d-45ee-b41f-14248158497b','ee69595e-6da7-40c2-89db-3ce55008b21e',0,'pending',0,NULL,NULL,NULL);
INSERT INTO microcycle_workout VALUES('0dd49e3c-82d0-42c2-b581-a3034827a28a','ee69595e-6da7-40c2-89db-3ce55008b21e',1,'pending',0,NULL,NULL,NULL);
INSERT INTO microcycle_workout VALUES('97851362-2c22-4fa9-b5fc-c3b525d26818','ee69595e-6da7-40c2-89db-3ce55008b21e',2,'pending',0,NULL,NULL,NULL);
INSERT INTO microcycle_workout VALUES('cddad869-038a-40cd-89c6-afe1d0058be3','ee69595e-6da7-40c2-89db-3ce55008b21e',3,'pending',0,NULL,NULL,NULL);
INSERT INTO onboarding_data VALUES('edce914c-4c6c-49ea-b27d-35e238b6b022','local-user','metric','fourDays',4,'advanced',NULL,'male',1770959334990);
INSERT INTO user VALUES('local-user',1770959304138,0);
INSERT INTO workout_exercise VALUES('b2f3ee46-beb6-41ef-8538-06316a7fb296','03737ddf-5c3d-45ee-b41f-14248158497b','26a90782-edcf-42ec-af19-0b8415f5c9f8','loading',8,4,1770959335000,NULL,NULL,NULL,NULL,NULL,0,NULL,NULL);
INSERT INTO workout_exercise VALUES('65871104-f9c9-4d7e-96bc-c871a8d0c353','03737ddf-5c3d-45ee-b41f-14248158497b','b48e67e3-8de9-4fbe-879f-0e875058113b','loading',8,2,1770959335000,NULL,NULL,NULL,NULL,NULL,1,NULL,NULL);
INSERT INTO workout_exercise VALUES('47b35785-0f6f-499a-82e2-71c654d4818b','03737ddf-5c3d-45ee-b41f-14248158497b','12f810c0-9f61-4eae-aca0-7fab09edb0b1','loading',8,4,1770959335000,NULL,NULL,NULL,NULL,NULL,2,NULL,NULL);
INSERT INTO workout_exercise VALUES('51f6cf95-239f-4765-a9d0-f396a99ed6e3','03737ddf-5c3d-45ee-b41f-14248158497b','b613025f-fcaa-4aef-96b8-3b62db1f7037','loading',8,2,1770959335000,NULL,NULL,NULL,NULL,NULL,3,NULL,NULL);
INSERT INTO workout_exercise VALUES('d00e7ab3-2078-4f74-b0fa-5c9f2dbcc3b2','03737ddf-5c3d-45ee-b41f-14248158497b','0ee1b435-4527-4397-873a-e37a9de5fdcd','loading',8,3,1770959335000,NULL,NULL,NULL,NULL,NULL,4,NULL,NULL);
INSERT INTO workout_exercise VALUES('57e503b3-d59a-4473-93dd-603aee6505d8','03737ddf-5c3d-45ee-b41f-14248158497b','72d721bb-6650-4939-9d9b-a04d5c0825aa','loading',8,3,1770959335000,NULL,NULL,NULL,NULL,NULL,5,NULL,NULL);
INSERT INTO workout_exercise VALUES('f2bc60c5-e95f-4a2d-adef-d2161b565848','03737ddf-5c3d-45ee-b41f-14248158497b','99385e35-acf7-479a-b711-1efef63e9864','loading',8,3,1770959335000,NULL,NULL,NULL,NULL,NULL,6,NULL,NULL);
INSERT INTO workout_exercise VALUES('cbefa136-8544-40b3-8fc2-18904be78ab7','0dd49e3c-82d0-42c2-b581-a3034827a28a','2bb30c14-b2ac-41e7-82d5-cec31f6750e8','loading',8,4,1770959335000,NULL,NULL,NULL,NULL,NULL,0,NULL,NULL);
INSERT INTO workout_exercise VALUES('64d730fb-1481-4e2e-a389-e0c0f93505ce','0dd49e3c-82d0-42c2-b581-a3034827a28a','ec66370f-06a8-4d8a-887d-3d2addf7f662','loading',8,2,1770959335000,NULL,NULL,NULL,NULL,NULL,1,NULL,NULL);
INSERT INTO workout_exercise VALUES('c101a813-f84b-4dda-a5d2-2e00b9b33bf0','0dd49e3c-82d0-42c2-b581-a3034827a28a','52b9afab-df7c-4739-ba89-dd1a4b19e899','loading',8,4,1770959335000,NULL,NULL,NULL,NULL,NULL,2,NULL,NULL);
INSERT INTO workout_exercise VALUES('011e0a77-1e6b-4eca-8fa7-7d45f3f516cc','0dd49e3c-82d0-42c2-b581-a3034827a28a','daa7b893-93fa-44f4-978e-6f44ce434087','loading',8,4,1770959335000,NULL,NULL,NULL,NULL,NULL,3,NULL,NULL);
INSERT INTO workout_exercise VALUES('8ba5ec3f-cf0f-4b81-9803-54fd98cb1f4a','0dd49e3c-82d0-42c2-b581-a3034827a28a','ef52e5f7-ba8d-42bf-b772-c06b0ff3ce50','loading',8,4,1770959335000,NULL,NULL,NULL,NULL,NULL,4,NULL,NULL);
INSERT INTO workout_exercise VALUES('d94d7846-3318-4a80-941f-15f3e03e76a4','97851362-2c22-4fa9-b5fc-c3b525d26818','5c1fd719-a5de-43c4-887a-aa1325d2e46e','loading',8,4,1770959335000,NULL,NULL,NULL,NULL,NULL,0,NULL,NULL);
INSERT INTO workout_exercise VALUES('ca03c623-6aec-48af-ad21-c58409bfad1e','97851362-2c22-4fa9-b5fc-c3b525d26818','f1824834-9351-435d-85f9-7db91666c9e4','loading',8,2,1770959335000,NULL,NULL,NULL,NULL,NULL,1,NULL,NULL);
INSERT INTO workout_exercise VALUES('cfd151d0-02be-43db-8871-535e9ee319ee','97851362-2c22-4fa9-b5fc-c3b525d26818','78709549-2550-4ca7-ad67-673777682d96','loading',8,4,1770959335000,NULL,NULL,NULL,NULL,NULL,2,NULL,NULL);
INSERT INTO workout_exercise VALUES('1c8d755d-b1d5-4358-8cc9-1938cf132884','97851362-2c22-4fa9-b5fc-c3b525d26818','7227c8a2-89cd-46ec-a41a-23ec27cce126','loading',8,2,1770959335000,NULL,NULL,NULL,NULL,NULL,3,NULL,NULL);
INSERT INTO workout_exercise VALUES('38af83ca-f615-4142-ad22-dcb5e8176178','97851362-2c22-4fa9-b5fc-c3b525d26818','ceeaf956-ef41-4b66-b1ad-27df4784c14d','loading',8,3,1770959335000,NULL,NULL,NULL,NULL,NULL,4,NULL,NULL);
INSERT INTO workout_exercise VALUES('3b928203-c6c8-4d0a-9e57-e9be2d5b137a','97851362-2c22-4fa9-b5fc-c3b525d26818','cbc0db4b-a4b3-4db7-97dc-3d2959427db1','loading',8,3,1770959335000,NULL,NULL,NULL,NULL,NULL,5,NULL,NULL);
INSERT INTO workout_exercise VALUES('8f05cd8a-28a3-42a7-b9e4-5db6d18525c7','97851362-2c22-4fa9-b5fc-c3b525d26818','fd4ce2f4-8f9e-4ddf-a4bd-3f06b1ed5945','loading',8,3,1770959335000,NULL,NULL,NULL,NULL,NULL,6,NULL,NULL);
INSERT INTO workout_exercise VALUES('f34827ba-db09-482d-baf1-f5562fe18496','cddad869-038a-40cd-89c6-afe1d0058be3','413db5a0-47fb-48da-b9c3-d3267c427613','loading',8,4,1770959335000,NULL,NULL,NULL,NULL,NULL,0,NULL,NULL);
INSERT INTO workout_exercise VALUES('233fa456-a04e-4dc3-a7bb-6a55b3e4945c','cddad869-038a-40cd-89c6-afe1d0058be3','6976de9f-8034-443e-8952-10e4590fd576','loading',8,2,1770959335000,NULL,NULL,NULL,NULL,NULL,1,NULL,NULL);
INSERT INTO workout_exercise VALUES('15d3eb81-d59a-496f-8959-9e84397e560e','cddad869-038a-40cd-89c6-afe1d0058be3','6eaf5bd1-5b7b-469a-9705-b25dc40e36d6','loading',8,4,1770959335000,NULL,NULL,NULL,NULL,NULL,2,NULL,NULL);
INSERT INTO workout_exercise VALUES('c94895ad-3212-4f8c-82fc-e1bd56e7b975','cddad869-038a-40cd-89c6-afe1d0058be3','18f22ad0-47a4-4d3e-ab77-ffe5c76932ba','loading',8,4,1770959335000,NULL,NULL,NULL,NULL,NULL,3,NULL,NULL);
INSERT INTO workout_exercise VALUES('4c41b1fa-8987-4de6-8323-1f0a2e93873a','cddad869-038a-40cd-89c6-afe1d0058be3','5da44942-bc01-46ff-82b7-300fe401d783','loading',8,4,1770959335000,NULL,NULL,NULL,NULL,NULL,4,NULL,NULL);
