-- First Mesocycle Done
INSERT INTO exercise VALUES('413db5a0-47fb-48da-b9c3-d3267c427613','Leg Press','Quads',1770959304028,1770959304028);
INSERT INTO exercise VALUES('dbcaf166-8f74-404d-a8dc-14aa36aa2532','Single Leg Press','Quads',1770959304028,1770959304028);
INSERT INTO exercise VALUES('cb84c17d-1b79-4b23-a6a4-5947a545d141','Smith Machine Bulgarian Split Squat','Quads',1770959304028,1770959304028);
INSERT INTO exercise VALUES('b97959a3-7307-4e7a-a8cc-70624014334f','Dumbell Bulgarian Split Squat','Quads',1770959304028,1770959304028);
INSERT INTO exercise VALUES('f455f01f-2c4e-4acd-aed6-bc04ae1ac537','Barbell Split Squat','Quads',1770959304028,1770959304028);
INSERT INTO exercise VALUES('ec66370f-06a8-4d8a-887d-3d2addf7f662','Leg Extension','Quads',1770959304028,1770959304028);
INSERT INTO exercise VALUES('10a9c2b4-0ba1-4628-89d9-0a5f2662ccfa','Single Leg Extension','Quads',1770959304028,1770959304028);
INSERT INTO exercise VALUES('e813b4cf-4ce0-413e-babb-6eef28b9379f','Slow Eccentric Leg Extension','Quads',1770959304028,1770959304028);
INSERT INTO exercise VALUES('2bb30c14-b2ac-41e7-82d5-cec31f6750e8','Hack Squat','Quads',1770959304028,1770959304028);
INSERT INTO exercise VALUES('6976de9f-8034-443e-8952-10e4590fd576','Smith Machine Squat','Quads',1770959304028,1770959304028);
INSERT INTO exercise VALUES('0c8884cd-4e47-4873-8d47-fd04da24e548','Barbell Back Squat','Quads',1770959304028,1770959304028);
INSERT INTO exercise VALUES('e7091ae5-c0ea-4d75-847a-1d764665ef6c','Goblet Squat','Quads',1770959304028,1770959304028);
INSERT INTO exercise VALUES('a1ef3612-afe9-495b-8e87-b01635a26f4d','Safety Bar Squat','Quads',1770959304028,1770959304028);
INSERT INTO exercise VALUES('18f22ad0-47a4-4d3e-ab77-ffe5c76932ba','Romanian Deadlift','Hamstrings',1770959304028,1770959304028);
INSERT INTO exercise VALUES('dbe6fdf2-4d5f-4bb7-ae2f-57d45fb96bbf','Stiff Leg Deadlift','Hamstrings',1770959304028,1770959304028);
INSERT INTO exercise VALUES('241384e4-20f9-4ca3-87c1-4b4a0201c454','Single-Leg Romanian Deadlift','Hamstrings',1770959304028,1770959304028);
INSERT INTO exercise VALUES('b476941c-e507-44a2-8f19-a83c53727254','Barbell Good Morning','Hamstrings',1770959304028,1770959304028);
INSERT INTO exercise VALUES('072947f0-a500-4619-abab-4b556590aca0','Kettlebell Swing','Hamstrings',1770959304028,1770959304028);
INSERT INTO exercise VALUES('0009af3c-02ab-4784-ac42-6273ad454d6e','Cable Pull-Through','Hamstrings',1770959304028,1770959304028);
INSERT INTO exercise VALUES('daa7b893-93fa-44f4-978e-6f44ce434087','Leg Curl','Hamstrings',1770959304028,1770959304028);
INSERT INTO exercise VALUES('f80ac253-71ff-4731-a66a-b6941972a7cf','Single Leg Curl','Hamstrings',1770959304028,1770959304028);
INSERT INTO exercise VALUES('52b9afab-df7c-4739-ba89-dd1a4b19e899','Machine Hip Thrust','Glutes',1770959304028,1770959304028);
INSERT INTO exercise VALUES('3424cda4-0340-401c-b5be-b74637e952af','Barbell Hip Thrust','Glutes',1770959304028,1770959304028);
INSERT INTO exercise VALUES('5476d63e-c12e-4435-a721-19b537a43c22','Glute Bridge','Glutes',1770959304028,1770959304028);
INSERT INTO exercise VALUES('8558ee63-2ee7-43d0-b66e-f7d4fe69df7a','Front Foot Elevated Split Squat','Glutes',1770959304028,1770959304028);
INSERT INTO exercise VALUES('ada58d6c-4e83-4451-ba48-f6be0152ddf7','Sumo Squat','Glutes',1770959304028,1770959304028);
INSERT INTO exercise VALUES('6eaf5bd1-5b7b-469a-9705-b25dc40e36d6','Glute Abduction','Glutes',1770959304028,1770959304028);
INSERT INTO exercise VALUES('80b80ce3-f0ad-40ca-a50e-361ef2531f62','Cable Kickbacks','Glutes',1770959304028,1770959304028);
INSERT INTO exercise VALUES('0ee1b435-4527-4397-873a-e37a9de5fdcd','Preacher Curl','Biceps',1770959304028,1770959304028);
INSERT INTO exercise VALUES('07415498-a542-4e60-8844-e321294d129b','Cable Biceps Curl','Biceps',1770959304028,1770959304028);
INSERT INTO exercise VALUES('ceeaf956-ef41-4b66-b1ad-27df4784c14d','Concentration Curl','Biceps',1770959304028,1770959304028);
INSERT INTO exercise VALUES('3e1015f1-6786-4f92-ac6b-a3e90151d072','Behind Back Cable Biceps Curl','Biceps',1770959304028,1770959304028);
INSERT INTO exercise VALUES('3733461f-97d0-42b6-a00f-96e1807dfc16','Hammer Curl','Biceps',1770959304028,1770959304028);
INSERT INTO exercise VALUES('2a800919-829b-4af6-8b7a-fb8a4abf7e87','Reverse Grip Cable Curl','Biceps',1770959304028,1770959304028);
INSERT INTO exercise VALUES('362f6ed2-f4a0-411a-a408-e3b4ef8985cb','Preacher Hammer Curl','Biceps',1770959304028,1770959304028);
INSERT INTO exercise VALUES('72d721bb-6650-4939-9d9b-a04d5c0825aa','JM Press','Triceps',1770959304028,1770959304028);
INSERT INTO exercise VALUES('14d3aa19-c842-404f-bf8e-dc441c8d0848','Cable Overhead Triceps Extension','Triceps',1770959304028,1770959304028);
INSERT INTO exercise VALUES('2dd2ae43-39ad-4ea6-9073-0d857b05abb2','EZ Skull Crusher','Triceps',1770959304028,1770959304028);
INSERT INTO exercise VALUES('47f89388-5331-4720-aea1-cb112b53f065','Dumbell Skull Crusher','Triceps',1770959304028,1770959304028);
INSERT INTO exercise VALUES('cbc0db4b-a4b3-4db7-97dc-3d2959427db1','Close Grip Bench Press','Triceps',1770959304028,1770959304028);
INSERT INTO exercise VALUES('057166ca-3357-4202-b079-5d441febc917','Triceps Pushdown','Triceps',1770959304028,1770959304028);
INSERT INTO exercise VALUES('a951d005-99f9-4b29-aaef-645eb581dc90','Diamond Pushups','Triceps',1770959304028,1770959304028);
INSERT INTO exercise VALUES('99385e35-acf7-479a-b711-1efef63e9864','Cable Crunch','Abs',1770959304028,1770959304028);
INSERT INTO exercise VALUES('62c84346-0f91-4138-bee3-5a4825368e53','Crunch Machine','Abs',1770959304028,1770959304028);
INSERT INTO exercise VALUES('fd4ce2f4-8f9e-4ddf-a4bd-3f06b1ed5945','Cable Reverse Crunch','Abs',1770959304028,1770959304028);
INSERT INTO exercise VALUES('d1118e27-59d1-4f8d-8fcd-682bdf0bf2e3','Decline Sit Up','Abs',1770959304028,1770959304028);
INSERT INTO exercise VALUES('220e9003-b7d3-4597-b168-ffc3dd4e7f6c','Decline Russian Twist','Abs',1770959304028,1770959304028);
INSERT INTO exercise VALUES('25aefbc6-6e00-40f2-be8b-96137b2198a3','Cable Woodchopper','Abs',1770959304028,1770959304028);
INSERT INTO exercise VALUES('12f810c0-9f61-4eae-aca0-7fab09edb0b1','Lateral Pull Down','Back',1770959304028,1770959304028);
INSERT INTO exercise VALUES('78709549-2550-4ca7-ad67-673777682d96','Pull from High Cable','Back',1770959304028,1770959304028);
INSERT INTO exercise VALUES('80825eb1-e75a-420d-a143-c9c3603ec935','Cable Pull Over','Back',1770959304028,1770959304028);
INSERT INTO exercise VALUES('b613025f-fcaa-4aef-96b8-3b62db1f7037','Row Machine','Back',1770959304028,1770959304028);
INSERT INTO exercise VALUES('7227c8a2-89cd-46ec-a41a-23ec27cce126','Chest Supported Row','Back',1770959304028,1770959304028);
INSERT INTO exercise VALUES('58ed5918-0cbd-4a31-b777-aaf215ca062b','Pendlay Row','Back',1770959304028,1770959304028);
INSERT INTO exercise VALUES('64d614d0-a383-4f3e-bb26-2f5e8d526065','Dumbell Single Arm Row','Back',1770959304028,1770959304028);
INSERT INTO exercise VALUES('26a90782-edcf-42ec-af19-0b8415f5c9f8','Smith Machine Incline Bench Press','Chest',1770959304028,1770959304028);
INSERT INTO exercise VALUES('f1824834-9351-435d-85f9-7db91666c9e4','Incline Dumbell Bench Pres','Chest',1770959304028,1770959304028);
INSERT INTO exercise VALUES('7e36425b-1245-464f-b04a-220d601d799a','Incline Barbell Bench Press','Chest',1770959304028,1770959304028);
INSERT INTO exercise VALUES('b48e67e3-8de9-4fbe-879f-0e875058113b','Chest Press Machine','Chest',1770959304028,1770959304028);
INSERT INTO exercise VALUES('d3f7b945-f7c4-4c5b-8d39-8857cd583376','Barbell Bench Press','Chest',1770959304028,1770959304028);
INSERT INTO exercise VALUES('a17f1d8c-d7a5-4733-83b1-626230c509cf','Dumbell Bench Press','Chest',1770959304028,1770959304028);
INSERT INTO exercise VALUES('74abe9d9-800e-403a-9c6a-8a74e4b0e111','Chest Dips','Chest',1770959304028,1770959304028);
INSERT INTO exercise VALUES('5c1fd719-a5de-43c4-887a-aa1325d2e46e','Pec Deck','Chest',1770959304028,1770959304028);
INSERT INTO exercise VALUES('26a46a2f-5282-434f-be8b-8de8c04ac355','Cable Flye','Chest',1770959304028,1770959304028);
INSERT INTO exercise VALUES('79b80224-121e-4911-853b-0760be442b48','Dumbell Flye','Chest',1770959304028,1770959304028);
INSERT INTO exercise VALUES('79540188-80f0-4dcb-8fc2-73900d12d353','Reverse Pec Deck','RearDelts',1770959304028,1770959304028);
INSERT INTO exercise VALUES('b3c0ede8-94f5-4d88-bf05-78c249927f72','Dumbell Rear Delt Flye','RearDelts',1770959304028,1770959304028);
INSERT INTO exercise VALUES('a2cfd57b-e596-42ef-abfd-3f14a088ec8f','Machine Rear Delt Row','RearDelts',1770959304028,1770959304028);
INSERT INTO exercise VALUES('6aa633ec-45f7-4884-bab7-19d7d42df1d7','Seal Row','RearDelts',1770959304028,1770959304028);
INSERT INTO exercise VALUES('81ceec6f-272e-42df-8150-da8080a15c8e','Cable Rear Delt Row','RearDelts',1770959304028,1770959304028);
INSERT INTO exercise VALUES('ef52e5f7-ba8d-42bf-b772-c06b0ff3ce50','Dumbell Lateral Raises','SideDelts',1770959304028,1770959304028);
INSERT INTO exercise VALUES('8391d82e-c7e2-474e-8c1b-34348c906e37','Machine Lateral Raises','SideDelts',1770959304028,1770959304028);
INSERT INTO exercise VALUES('e5736887-58a5-460b-bd11-22bd80923466','Lying Dumbell Side Raises','SideDelts',1770959304028,1770959304028);
INSERT INTO exercise VALUES('3757f494-2049-47c5-b22b-a728b5531de0','Bench Supported Dumbell Lateral Raises','SideDelts',1770959304028,1770959304028);
INSERT INTO exercise VALUES('5da44942-bc01-46ff-82b7-300fe401d783','Cable Lateral Raise','SideDelts',1770959304028,1770959304028);
INSERT INTO exercise VALUES('ad5f29cb-797b-41b0-84ce-07f20ea39e3e','Behind the Back Lateral Raises','SideDelts',1770959304028,1770959304028);
INSERT INTO exercise VALUES('81be943c-2ed8-4ae1-80da-a2b41c9a23de','Leaning Cable Lateral Raises','SideDelts',1770959304028,1770959304028);
INSERT INTO exercise VALUES('3b0db4af-ffdc-4071-8ee1-a5ee846fdf6e','Shoulder Machine Press','SideDelts',1770959304028,1770959304028);
INSERT INTO exercise VALUES('b875c6bf-2806-4183-9149-7ed330d95614','Barbell Strict Press','SideDelts',1770959304028,1770959304028);
INSERT INTO exercise_metadata VALUES('413db5a0-47fb-48da-b9c3-d3267c427613-metadata','413db5a0-47fb-48da-b9c3-d3267c427613','QuadsPress',0,'none');
INSERT INTO exercise_metadata VALUES('dbcaf166-8f74-404d-a8dc-14aa36aa2532-metadata','dbcaf166-8f74-404d-a8dc-14aa36aa2532','QuadsPress',1,'advanced');
INSERT INTO exercise_metadata VALUES('cb84c17d-1b79-4b23-a6a4-5947a545d141-metadata','cb84c17d-1b79-4b23-a6a4-5947a545d141','QuadsPress',2,'none');
INSERT INTO exercise_metadata VALUES('b97959a3-7307-4e7a-a8cc-70624014334f-metadata','b97959a3-7307-4e7a-a8cc-70624014334f','QuadsPress',3,'none');
INSERT INTO exercise_metadata VALUES('f455f01f-2c4e-4acd-aed6-bc04ae1ac537-metadata','f455f01f-2c4e-4acd-aed6-bc04ae1ac537','QuadsPress',4,'none');
INSERT INTO exercise_metadata VALUES('ec66370f-06a8-4d8a-887d-3d2addf7f662-metadata','ec66370f-06a8-4d8a-887d-3d2addf7f662','QuadsExtension',0,'none');
INSERT INTO exercise_metadata VALUES('10a9c2b4-0ba1-4628-89d9-0a5f2662ccfa-metadata','10a9c2b4-0ba1-4628-89d9-0a5f2662ccfa','QuadsExtension',1,'none');
INSERT INTO exercise_metadata VALUES('e813b4cf-4ce0-413e-babb-6eef28b9379f-metadata','e813b4cf-4ce0-413e-babb-6eef28b9379f','QuadsExtension',2,'none');
INSERT INTO exercise_metadata VALUES('2bb30c14-b2ac-41e7-82d5-cec31f6750e8-metadata','2bb30c14-b2ac-41e7-82d5-cec31f6750e8','QuadsSquat',0,'intermediate');
INSERT INTO exercise_metadata VALUES('6976de9f-8034-443e-8952-10e4590fd576-metadata','6976de9f-8034-443e-8952-10e4590fd576','QuadsSquat',1,'none');
INSERT INTO exercise_metadata VALUES('0c8884cd-4e47-4873-8d47-fd04da24e548-metadata','0c8884cd-4e47-4873-8d47-fd04da24e548','QuadsSquat',2,'none');
INSERT INTO exercise_metadata VALUES('e7091ae5-c0ea-4d75-847a-1d764665ef6c-metadata','e7091ae5-c0ea-4d75-847a-1d764665ef6c','QuadsSquat',3,'none');
INSERT INTO exercise_metadata VALUES('a1ef3612-afe9-495b-8e87-b01635a26f4d-metadata','a1ef3612-afe9-495b-8e87-b01635a26f4d','QuadsSquat',5,'advanced');
INSERT INTO exercise_metadata VALUES('18f22ad0-47a4-4d3e-ab77-ffe5c76932ba-metadata','18f22ad0-47a4-4d3e-ab77-ffe5c76932ba','HamstringsHipHinge',0,'none');
INSERT INTO exercise_metadata VALUES('dbe6fdf2-4d5f-4bb7-ae2f-57d45fb96bbf-metadata','dbe6fdf2-4d5f-4bb7-ae2f-57d45fb96bbf','HamstringsHipHinge',1,'none');
INSERT INTO exercise_metadata VALUES('241384e4-20f9-4ca3-87c1-4b4a0201c454-metadata','241384e4-20f9-4ca3-87c1-4b4a0201c454','HamstringsHipHinge',2,'none');
INSERT INTO exercise_metadata VALUES('b476941c-e507-44a2-8f19-a83c53727254-metadata','b476941c-e507-44a2-8f19-a83c53727254','HamstringsHipHinge',3,'intermediate');
INSERT INTO exercise_metadata VALUES('072947f0-a500-4619-abab-4b556590aca0-metadata','072947f0-a500-4619-abab-4b556590aca0','HamstringsHipHinge',4,'none');
INSERT INTO exercise_metadata VALUES('0009af3c-02ab-4784-ac42-6273ad454d6e-metadata','0009af3c-02ab-4784-ac42-6273ad454d6e','HamstringsHipHinge',5,'none');
INSERT INTO exercise_metadata VALUES('daa7b893-93fa-44f4-978e-6f44ce434087-metadata','daa7b893-93fa-44f4-978e-6f44ce434087','HamstringsCurl',0,'none');
INSERT INTO exercise_metadata VALUES('f80ac253-71ff-4731-a66a-b6941972a7cf-metadata','f80ac253-71ff-4731-a66a-b6941972a7cf','HamstringsCurl',1,'none');
INSERT INTO exercise_metadata VALUES('52b9afab-df7c-4739-ba89-dd1a4b19e899-metadata','52b9afab-df7c-4739-ba89-dd1a4b19e899','GlutesThrust',0,'intermediate');
INSERT INTO exercise_metadata VALUES('3424cda4-0340-401c-b5be-b74637e952af-metadata','3424cda4-0340-401c-b5be-b74637e952af','GlutesThrust',1,'none');
INSERT INTO exercise_metadata VALUES('5476d63e-c12e-4435-a721-19b537a43c22-metadata','5476d63e-c12e-4435-a721-19b537a43c22','GlutesThrust',2,'none');
INSERT INTO exercise_metadata VALUES('8558ee63-2ee7-43d0-b66e-f7d4fe69df7a-metadata','8558ee63-2ee7-43d0-b66e-f7d4fe69df7a','GlutesSquat',0,'advanced');
INSERT INTO exercise_metadata VALUES('ada58d6c-4e83-4451-ba48-f6be0152ddf7-metadata','ada58d6c-4e83-4451-ba48-f6be0152ddf7','GlutesSquat',1,'none');
INSERT INTO exercise_metadata VALUES('6eaf5bd1-5b7b-469a-9705-b25dc40e36d6-metadata','6eaf5bd1-5b7b-469a-9705-b25dc40e36d6','GlutesAbduction',0,'none');
INSERT INTO exercise_metadata VALUES('80b80ce3-f0ad-40ca-a50e-361ef2531f62-metadata','80b80ce3-f0ad-40ca-a50e-361ef2531f62','GlutesAbduction',1,'none');
INSERT INTO exercise_metadata VALUES('0ee1b435-4527-4397-873a-e37a9de5fdcd-metadata','0ee1b435-4527-4397-873a-e37a9de5fdcd','BicepsLengthenedCurl',0,'intermediate');
INSERT INTO exercise_metadata VALUES('07415498-a542-4e60-8844-e321294d129b-metadata','07415498-a542-4e60-8844-e321294d129b','BicepsLengthenedCurl',1,'none');
INSERT INTO exercise_metadata VALUES('ceeaf956-ef41-4b66-b1ad-27df4784c14d-metadata','ceeaf956-ef41-4b66-b1ad-27df4784c14d','BicepsShorthenedCurl',0,'none');
INSERT INTO exercise_metadata VALUES('3e1015f1-6786-4f92-ac6b-a3e90151d072-metadata','3e1015f1-6786-4f92-ac6b-a3e90151d072','BicepsShorthenedCurl',1,'none');
INSERT INTO exercise_metadata VALUES('3733461f-97d0-42b6-a00f-96e1807dfc16-metadata','3733461f-97d0-42b6-a00f-96e1807dfc16','BicepsBrachialis',0,'none');
INSERT INTO exercise_metadata VALUES('2a800919-829b-4af6-8b7a-fb8a4abf7e87-metadata','2a800919-829b-4af6-8b7a-fb8a4abf7e87','BicepsBrachialis',1,'none');
INSERT INTO exercise_metadata VALUES('362f6ed2-f4a0-411a-a408-e3b4ef8985cb-metadata','362f6ed2-f4a0-411a-a408-e3b4ef8985cb','BicepsBrachialis',2,'none');
INSERT INTO exercise_metadata VALUES('72d721bb-6650-4939-9d9b-a04d5c0825aa-metadata','72d721bb-6650-4939-9d9b-a04d5c0825aa','TricepsLonghead',0,'advanced');
INSERT INTO exercise_metadata VALUES('14d3aa19-c842-404f-bf8e-dc441c8d0848-metadata','14d3aa19-c842-404f-bf8e-dc441c8d0848','TricepsLonghead',1,'none');
INSERT INTO exercise_metadata VALUES('2dd2ae43-39ad-4ea6-9073-0d857b05abb2-metadata','2dd2ae43-39ad-4ea6-9073-0d857b05abb2','TricepsLonghead',2,'none');
INSERT INTO exercise_metadata VALUES('47f89388-5331-4720-aea1-cb112b53f065-metadata','47f89388-5331-4720-aea1-cb112b53f065','TricepsLonghead',3,'none');
INSERT INTO exercise_metadata VALUES('cbc0db4b-a4b3-4db7-97dc-3d2959427db1-metadata','cbc0db4b-a4b3-4db7-97dc-3d2959427db1','TricepsShorthead',0,'intermediate');
INSERT INTO exercise_metadata VALUES('057166ca-3357-4202-b079-5d441febc917-metadata','057166ca-3357-4202-b079-5d441febc917','TricepsShorthead',1,'none');
INSERT INTO exercise_metadata VALUES('a951d005-99f9-4b29-aaef-645eb581dc90-metadata','a951d005-99f9-4b29-aaef-645eb581dc90','TricepsShorthead',2,'none');
INSERT INTO exercise_metadata VALUES('99385e35-acf7-479a-b711-1efef63e9864-metadata','99385e35-acf7-479a-b711-1efef63e9864','AbsUpper',0,'none');
INSERT INTO exercise_metadata VALUES('62c84346-0f91-4138-bee3-5a4825368e53-metadata','62c84346-0f91-4138-bee3-5a4825368e53','AbsUpper',1,'none');
INSERT INTO exercise_metadata VALUES('fd4ce2f4-8f9e-4ddf-a4bd-3f06b1ed5945-metadata','fd4ce2f4-8f9e-4ddf-a4bd-3f06b1ed5945','AbsLower',0,'none');
INSERT INTO exercise_metadata VALUES('d1118e27-59d1-4f8d-8fcd-682bdf0bf2e3-metadata','d1118e27-59d1-4f8d-8fcd-682bdf0bf2e3','AbsLower',1,'none');
INSERT INTO exercise_metadata VALUES('220e9003-b7d3-4597-b168-ffc3dd4e7f6c-metadata','220e9003-b7d3-4597-b168-ffc3dd4e7f6c','AbsLower',2,'none');
INSERT INTO exercise_metadata VALUES('25aefbc6-6e00-40f2-be8b-96137b2198a3-metadata','25aefbc6-6e00-40f2-be8b-96137b2198a3','AbsLower',3,'none');
INSERT INTO exercise_metadata VALUES('12f810c0-9f61-4eae-aca0-7fab09edb0b1-metadata','12f810c0-9f61-4eae-aca0-7fab09edb0b1','BackVerticalPull',0,'none');
INSERT INTO exercise_metadata VALUES('78709549-2550-4ca7-ad67-673777682d96-metadata','78709549-2550-4ca7-ad67-673777682d96','BackVerticalPull',1,'none');
INSERT INTO exercise_metadata VALUES('80825eb1-e75a-420d-a143-c9c3603ec935-metadata','80825eb1-e75a-420d-a143-c9c3603ec935','BackVerticalPull',2,'none');
INSERT INTO exercise_metadata VALUES('b613025f-fcaa-4aef-96b8-3b62db1f7037-metadata','b613025f-fcaa-4aef-96b8-3b62db1f7037','BackHorizontalPull',0,'none');
INSERT INTO exercise_metadata VALUES('7227c8a2-89cd-46ec-a41a-23ec27cce126-metadata','7227c8a2-89cd-46ec-a41a-23ec27cce126','BackHorizontalPull',1,'none');
INSERT INTO exercise_metadata VALUES('58ed5918-0cbd-4a31-b777-aaf215ca062b-metadata','58ed5918-0cbd-4a31-b777-aaf215ca062b','BackHorizontalPull',2,'advanced');
INSERT INTO exercise_metadata VALUES('64d614d0-a383-4f3e-bb26-2f5e8d526065-metadata','64d614d0-a383-4f3e-bb26-2f5e8d526065','BackHorizontalPull',3,'none');
INSERT INTO exercise_metadata VALUES('26a90782-edcf-42ec-af19-0b8415f5c9f8-metadata','26a90782-edcf-42ec-af19-0b8415f5c9f8','ChestUpper',0,'intermediate');
INSERT INTO exercise_metadata VALUES('f1824834-9351-435d-85f9-7db91666c9e4-metadata','f1824834-9351-435d-85f9-7db91666c9e4','ChestUpper',1,'none');
INSERT INTO exercise_metadata VALUES('7e36425b-1245-464f-b04a-220d601d799a-metadata','7e36425b-1245-464f-b04a-220d601d799a','ChestUpper',2,'none');
INSERT INTO exercise_metadata VALUES('b48e67e3-8de9-4fbe-879f-0e875058113b-metadata','b48e67e3-8de9-4fbe-879f-0e875058113b','ChestMiddle',0,'intermediate');
INSERT INTO exercise_metadata VALUES('d3f7b945-f7c4-4c5b-8d39-8857cd583376-metadata','d3f7b945-f7c4-4c5b-8d39-8857cd583376','ChestMiddle',1,'none');
INSERT INTO exercise_metadata VALUES('a17f1d8c-d7a5-4733-83b1-626230c509cf-metadata','a17f1d8c-d7a5-4733-83b1-626230c509cf','ChestMiddle',2,'none');
INSERT INTO exercise_metadata VALUES('74abe9d9-800e-403a-9c6a-8a74e4b0e111-metadata','74abe9d9-800e-403a-9c6a-8a74e4b0e111','ChestMiddle',3,'none');
INSERT INTO exercise_metadata VALUES('5c1fd719-a5de-43c4-887a-aa1325d2e46e-metadata','5c1fd719-a5de-43c4-887a-aa1325d2e46e','ChestFly',0,'none');
INSERT INTO exercise_metadata VALUES('26a46a2f-5282-434f-be8b-8de8c04ac355-metadata','26a46a2f-5282-434f-be8b-8de8c04ac355','ChestFly',1,'none');
INSERT INTO exercise_metadata VALUES('79b80224-121e-4911-853b-0760be442b48-metadata','79b80224-121e-4911-853b-0760be442b48','ChestFly',2,'none');
INSERT INTO exercise_metadata VALUES('79540188-80f0-4dcb-8fc2-73900d12d353-metadata','79540188-80f0-4dcb-8fc2-73900d12d353','RearDeltsReverseFly',0,'none');
INSERT INTO exercise_metadata VALUES('b3c0ede8-94f5-4d88-bf05-78c249927f72-metadata','b3c0ede8-94f5-4d88-bf05-78c249927f72','RearDeltsReverseFly',1,'none');
INSERT INTO exercise_metadata VALUES('a2cfd57b-e596-42ef-abfd-3f14a088ec8f-metadata','a2cfd57b-e596-42ef-abfd-3f14a088ec8f','RearDeltsRow',0,'none');
INSERT INTO exercise_metadata VALUES('6aa633ec-45f7-4884-bab7-19d7d42df1d7-metadata','6aa633ec-45f7-4884-bab7-19d7d42df1d7','RearDeltsRow',1,'none');
INSERT INTO exercise_metadata VALUES('81ceec6f-272e-42df-8150-da8080a15c8e-metadata','81ceec6f-272e-42df-8150-da8080a15c8e','RearDeltsRow',2,'none');
INSERT INTO exercise_metadata VALUES('ef52e5f7-ba8d-42bf-b772-c06b0ff3ce50-metadata','ef52e5f7-ba8d-42bf-b772-c06b0ff3ce50','SideDeltsDumbellLateralRaise',0,'none');
INSERT INTO exercise_metadata VALUES('8391d82e-c7e2-474e-8c1b-34348c906e37-metadata','8391d82e-c7e2-474e-8c1b-34348c906e37','SideDeltsDumbellLateralRaise',1,'none');
INSERT INTO exercise_metadata VALUES('e5736887-58a5-460b-bd11-22bd80923466-metadata','e5736887-58a5-460b-bd11-22bd80923466','SideDeltsDumbellIsolatedLateralRaise',0,'intermediate');
INSERT INTO exercise_metadata VALUES('3757f494-2049-47c5-b22b-a728b5531de0-metadata','3757f494-2049-47c5-b22b-a728b5531de0','SideDeltsDumbellIsolatedLateralRaise',1,'none');
INSERT INTO exercise_metadata VALUES('5da44942-bc01-46ff-82b7-300fe401d783-metadata','5da44942-bc01-46ff-82b7-300fe401d783','SideDeltsCableLateralRaise',0,'none');
INSERT INTO exercise_metadata VALUES('ad5f29cb-797b-41b0-84ce-07f20ea39e3e-metadata','ad5f29cb-797b-41b0-84ce-07f20ea39e3e','SideDeltsCableLateralRaise',1,'none');
INSERT INTO exercise_metadata VALUES('81be943c-2ed8-4ae1-80da-a2b41c9a23de-metadata','81be943c-2ed8-4ae1-80da-a2b41c9a23de','SideDeltsCableLateralRaise',2,'none');
INSERT INTO exercise_metadata VALUES('3b0db4af-ffdc-4071-8ee1-a5ee846fdf6e-metadata','3b0db4af-ffdc-4071-8ee1-a5ee846fdf6e','SideDeltsPress',0,'none');
INSERT INTO exercise_metadata VALUES('b875c6bf-2806-4183-9149-7ed330d95614-metadata','b875c6bf-2806-4183-9149-7ed330d95614','SideDeltsPress',1,'none');
INSERT INTO mesocycle VALUES('cac6dde0-a1cb-49dc-afc2-8a8b57a29796','local-user',1,1771157651000,1770959335000);
INSERT INTO mesocycle VALUES('4a8917ac-fe6d-47a0-a3ed-b2bb72198dec','local-user',1,NULL,1771157651000);
INSERT INTO microcycle VALUES('ee69595e-6da7-40c2-89db-3ce55008b21e','cac6dde0-a1cb-49dc-afc2-8a8b57a29796',0,1771157058000,1770959335000);
INSERT INTO microcycle VALUES('17147d67-4698-42b2-bd60-038112cfa815','cac6dde0-a1cb-49dc-afc2-8a8b57a29796',1,1771157208000,1771157058000);
INSERT INTO microcycle VALUES('dc5b8d60-66ff-4fca-a88e-363200c151d9','cac6dde0-a1cb-49dc-afc2-8a8b57a29796',2,1771157280000,1771157208000);
INSERT INTO microcycle VALUES('a56999d6-1e7a-4f60-9546-5eeb657f5aa3','cac6dde0-a1cb-49dc-afc2-8a8b57a29796',3,1771157353000,1771157280000);
INSERT INTO microcycle VALUES('774880aa-c3e0-4299-ad4e-4e28593b398e','cac6dde0-a1cb-49dc-afc2-8a8b57a29796',4,1771157544000,1771157353000);
INSERT INTO microcycle VALUES('35e37af8-4f7b-40d0-89ec-a64fb7222011','cac6dde0-a1cb-49dc-afc2-8a8b57a29796',5,1771157651000,1771157544000);
INSERT INTO microcycle VALUES('80ce18a9-d9a5-4671-8126-7610678d49cf','4a8917ac-fe6d-47a0-a3ed-b2bb72198dec',0,NULL,1771157651000);
INSERT INTO microcycle_workout VALUES('03737ddf-5c3d-45ee-b41f-14248158497b','ee69595e-6da7-40c2-89db-3ce55008b21e',0,'completed',0,1771156843000,NULL,NULL);
INSERT INTO microcycle_workout VALUES('0dd49e3c-82d0-42c2-b581-a3034827a28a','ee69595e-6da7-40c2-89db-3ce55008b21e',1,'completed',0,1771156913000,NULL,NULL);
INSERT INTO microcycle_workout VALUES('97851362-2c22-4fa9-b5fc-c3b525d26818','ee69595e-6da7-40c2-89db-3ce55008b21e',2,'completed',0,1771157000000,NULL,NULL);
INSERT INTO microcycle_workout VALUES('cddad869-038a-40cd-89c6-afe1d0058be3','ee69595e-6da7-40c2-89db-3ce55008b21e',3,'completed',0,1771157058000,NULL,NULL);
INSERT INTO microcycle_workout VALUES('de7a23f3-6962-4c32-825f-5855308e9f92','17147d67-4698-42b2-bd60-038112cfa815',0,'completed',0,1771157158000,NULL,NULL);
INSERT INTO microcycle_workout VALUES('9381d002-d65c-46db-84c2-4d1cb0020cd7','17147d67-4698-42b2-bd60-038112cfa815',1,'completed',0,1771157172000,NULL,NULL);
INSERT INTO microcycle_workout VALUES('ef2a764b-7b84-4a75-8eac-a5cdb7c7acca','17147d67-4698-42b2-bd60-038112cfa815',2,'completed',0,1771157193000,NULL,NULL);
INSERT INTO microcycle_workout VALUES('eb8c484b-b3d9-4170-bffe-b50094bfcc1a','17147d67-4698-42b2-bd60-038112cfa815',3,'completed',0,1771157208000,NULL,NULL);
INSERT INTO microcycle_workout VALUES('f2aaf3c2-0733-43a9-a3b8-98848d0fce03','dc5b8d60-66ff-4fca-a88e-363200c151d9',0,'completed',0,1771157228000,NULL,NULL);
INSERT INTO microcycle_workout VALUES('746b3d94-d634-4ab6-9dfa-b2910b722838','dc5b8d60-66ff-4fca-a88e-363200c151d9',1,'completed',0,1771157246000,NULL,NULL);
INSERT INTO microcycle_workout VALUES('f7813969-0e06-4683-87a3-c4b3a5021aeb','dc5b8d60-66ff-4fca-a88e-363200c151d9',2,'completed',0,1771157265000,NULL,NULL);
INSERT INTO microcycle_workout VALUES('693a2b32-19ca-4dad-8f2e-cabd84186465','dc5b8d60-66ff-4fca-a88e-363200c151d9',3,'completed',0,1771157280000,NULL,NULL);
INSERT INTO microcycle_workout VALUES('acff5b4a-3a4e-4c2e-8e0e-0c5cdc561a79','a56999d6-1e7a-4f60-9546-5eeb657f5aa3',0,'completed',0,1771157299000,NULL,NULL);
INSERT INTO microcycle_workout VALUES('5eafa010-0d79-4af3-91f6-281b3c993371','a56999d6-1e7a-4f60-9546-5eeb657f5aa3',1,'completed',0,1771157315000,NULL,NULL);
INSERT INTO microcycle_workout VALUES('6209c3f4-16c0-4e40-925c-3c6b8708cc16','a56999d6-1e7a-4f60-9546-5eeb657f5aa3',2,'completed',0,1771157335000,NULL,NULL);
INSERT INTO microcycle_workout VALUES('1c196d28-9d92-4c9b-8b6d-936e5e8199b9','a56999d6-1e7a-4f60-9546-5eeb657f5aa3',3,'completed',0,1771157353000,NULL,NULL);
INSERT INTO microcycle_workout VALUES('e4c8fc90-ba37-4a69-bf1d-7e7bc9a4b737','774880aa-c3e0-4299-ad4e-4e28593b398e',0,'completed',0,1771157373000,NULL,NULL);
INSERT INTO microcycle_workout VALUES('110283a8-c88e-4fed-8d14-23c3c713f0a0','774880aa-c3e0-4299-ad4e-4e28593b398e',1,'completed',0,1771157502000,NULL,NULL);
INSERT INTO microcycle_workout VALUES('134f5e40-5624-4da0-9265-9e9db71ccb6e','774880aa-c3e0-4299-ad4e-4e28593b398e',2,'completed',0,1771157521000,NULL,NULL);
INSERT INTO microcycle_workout VALUES('2eb60a89-6170-42be-aa69-65cadc1b021f','774880aa-c3e0-4299-ad4e-4e28593b398e',3,'completed',0,1771157544000,NULL,NULL);
INSERT INTO microcycle_workout VALUES('e4bc38a2-a0aa-4da2-bd0d-a1ff85e5811c','35e37af8-4f7b-40d0-89ec-a64fb7222011',0,'completed',0,1771157579000,NULL,NULL);
INSERT INTO microcycle_workout VALUES('aa78817b-1703-4984-bfaf-dc756e7f222c','35e37af8-4f7b-40d0-89ec-a64fb7222011',1,'completed',0,1771157596000,NULL,NULL);
INSERT INTO microcycle_workout VALUES('55f6b3b6-731d-4c26-a4a2-857233f3b8dd','35e37af8-4f7b-40d0-89ec-a64fb7222011',2,'completed',0,1771157617000,NULL,NULL);
INSERT INTO microcycle_workout VALUES('486410d4-2d66-4903-a04c-73a74dc15016','35e37af8-4f7b-40d0-89ec-a64fb7222011',3,'completed',0,1771157651000,NULL,NULL);
INSERT INTO microcycle_workout VALUES('c9550fa2-16ab-48f9-9b9d-09e806234abb','80ce18a9-d9a5-4671-8126-7610678d49cf',0,'pending',0,NULL,NULL,NULL);
INSERT INTO microcycle_workout VALUES('757047a0-b5f5-460d-9f08-1011ae4e74d3','80ce18a9-d9a5-4671-8126-7610678d49cf',1,'pending',0,NULL,NULL,NULL);
INSERT INTO microcycle_workout VALUES('2709c798-e5a3-4527-984a-35f1c1f3c85f','80ce18a9-d9a5-4671-8126-7610678d49cf',2,'pending',0,NULL,NULL,NULL);
INSERT INTO microcycle_workout VALUES('bb25a4df-b32e-4731-b703-17784d6c05d2','80ce18a9-d9a5-4671-8126-7610678d49cf',3,'pending',0,NULL,NULL,NULL);
INSERT INTO onboarding_data VALUES('edce914c-4c6c-49ea-b27d-35e238b6b022','local-user','metric','fourDays',4,'advanced',NULL,'male',1770959334990);
INSERT INTO user VALUES('local-user',1770959304138,0);
INSERT INTO workout_exercise VALUES('b2f3ee46-beb6-41ef-8538-06316a7fb296','03737ddf-5c3d-45ee-b41f-14248158497b','26a90782-edcf-42ec-af19-0b8415f5c9f8','loaded',8,4,1770959335000,1771054614688,100.0,NULL,8,NULL,0,NULL,NULL);
INSERT INTO workout_exercise VALUES('65871104-f9c9-4d7e-96bc-c871a8d0c353','03737ddf-5c3d-45ee-b41f-14248158497b','b48e67e3-8de9-4fbe-879f-0e875058113b','loaded',8,2,1770959335000,1771156798347,120.0,NULL,9,NULL,1,NULL,NULL);
INSERT INTO workout_exercise VALUES('47b35785-0f6f-499a-82e2-71c654d4818b','03737ddf-5c3d-45ee-b41f-14248158497b','12f810c0-9f61-4eae-aca0-7fab09edb0b1','loaded',8,4,1770959335000,1771156786079,70.0,NULL,8,NULL,2,NULL,NULL);
INSERT INTO workout_exercise VALUES('51f6cf95-239f-4765-a9d0-f396a99ed6e3','03737ddf-5c3d-45ee-b41f-14248158497b','b613025f-fcaa-4aef-96b8-3b62db1f7037','loaded',8,2,1770959335000,1771156810242,72.0,NULL,8,NULL,3,NULL,NULL);
INSERT INTO workout_exercise VALUES('d00e7ab3-2078-4f74-b0fa-5c9f2dbcc3b2','03737ddf-5c3d-45ee-b41f-14248158497b','0ee1b435-4527-4397-873a-e37a9de5fdcd','loaded',8,3,1770959335000,1771156824154,32.0,NULL,10,NULL,4,NULL,NULL);
INSERT INTO workout_exercise VALUES('57e503b3-d59a-4473-93dd-603aee6505d8','03737ddf-5c3d-45ee-b41f-14248158497b','72d721bb-6650-4939-9d9b-a04d5c0825aa','loaded',8,3,1770959335000,1771156833385,40.0,NULL,8,NULL,5,NULL,NULL);
INSERT INTO workout_exercise VALUES('f2bc60c5-e95f-4a2d-adef-d2161b565848','03737ddf-5c3d-45ee-b41f-14248158497b','99385e35-acf7-479a-b711-1efef63e9864','loaded',8,3,1770959335000,1771156842529,38.0,NULL,8,NULL,6,NULL,NULL);
INSERT INTO workout_exercise VALUES('cbefa136-8544-40b3-8fc2-18904be78ab7','0dd49e3c-82d0-42c2-b581-a3034827a28a','2bb30c14-b2ac-41e7-82d5-cec31f6750e8','loaded',8,4,1770959335000,1771156858188,100.0,NULL,8,NULL,0,NULL,NULL);
INSERT INTO workout_exercise VALUES('64d730fb-1481-4e2e-a389-e0c0f93505ce','0dd49e3c-82d0-42c2-b581-a3034827a28a','ec66370f-06a8-4d8a-887d-3d2addf7f662','loaded',8,2,1770959335000,1771156869983,66.0,NULL,10,NULL,1,NULL,NULL);
INSERT INTO workout_exercise VALUES('c101a813-f84b-4dda-a5d2-2e00b9b33bf0','0dd49e3c-82d0-42c2-b581-a3034827a28a','52b9afab-df7c-4739-ba89-dd1a4b19e899','loaded',8,4,1770959335000,1771156880772,100.0,NULL,8,NULL,2,NULL,NULL);
INSERT INTO workout_exercise VALUES('011e0a77-1e6b-4eca-8fa7-7d45f3f516cc','0dd49e3c-82d0-42c2-b581-a3034827a28a','daa7b893-93fa-44f4-978e-6f44ce434087','loaded',8,4,1770959335000,1771156894377,60.0,NULL,7,NULL,3,NULL,NULL);
INSERT INTO workout_exercise VALUES('8ba5ec3f-cf0f-4b81-9803-54fd98cb1f4a','0dd49e3c-82d0-42c2-b581-a3034827a28a','ef52e5f7-ba8d-42bf-b772-c06b0ff3ce50','loaded',8,4,1770959335000,1771156912570,14.0,NULL,11,NULL,4,NULL,NULL);
INSERT INTO workout_exercise VALUES('d94d7846-3318-4a80-941f-15f3e03e76a4','97851362-2c22-4fa9-b5fc-c3b525d26818','5c1fd719-a5de-43c4-887a-aa1325d2e46e','loaded',8,4,1770959335000,1771156929279,45.0,NULL,8,NULL,0,NULL,NULL);
INSERT INTO workout_exercise VALUES('ca03c623-6aec-48af-ad21-c58409bfad1e','97851362-2c22-4fa9-b5fc-c3b525d26818','f1824834-9351-435d-85f9-7db91666c9e4','loaded',8,2,1770959335000,1771156941733,35.0,NULL,8,NULL,1,NULL,NULL);
INSERT INTO workout_exercise VALUES('cfd151d0-02be-43db-8871-535e9ee319ee','97851362-2c22-4fa9-b5fc-c3b525d26818','78709549-2550-4ca7-ad67-673777682d96','loaded',8,4,1770959335000,1771156954031,56.0,NULL,11,NULL,2,NULL,NULL);
INSERT INTO workout_exercise VALUES('1c8d755d-b1d5-4358-8cc9-1938cf132884','97851362-2c22-4fa9-b5fc-c3b525d26818','7227c8a2-89cd-46ec-a41a-23ec27cce126','loaded',8,2,1770959335000,1771156965384,65.0,NULL,8,NULL,3,NULL,NULL);
INSERT INTO workout_exercise VALUES('38af83ca-f615-4142-ad22-dcb5e8176178','97851362-2c22-4fa9-b5fc-c3b525d26818','ceeaf956-ef41-4b66-b1ad-27df4784c14d','loaded',8,3,1770959335000,1771156973480,14.0,NULL,8,NULL,4,NULL,NULL);
INSERT INTO workout_exercise VALUES('3b928203-c6c8-4d0a-9e57-e9be2d5b137a','97851362-2c22-4fa9-b5fc-c3b525d26818','cbc0db4b-a4b3-4db7-97dc-3d2959427db1','loaded',8,3,1770959335000,1771156981371,80.0,NULL,8,NULL,5,NULL,NULL);
INSERT INTO workout_exercise VALUES('8f05cd8a-28a3-42a7-b9e4-5db6d18525c7','97851362-2c22-4fa9-b5fc-c3b525d26818','fd4ce2f4-8f9e-4ddf-a4bd-3f06b1ed5945','loaded',8,3,1770959335000,1771156999857,30.0,NULL,7,NULL,6,NULL,NULL);
INSERT INTO workout_exercise VALUES('f34827ba-db09-482d-baf1-f5562fe18496','cddad869-038a-40cd-89c6-afe1d0058be3','413db5a0-47fb-48da-b9c3-d3267c427613','loaded',8,4,1770959335000,1771157010455,260.0,NULL,8,NULL,0,NULL,NULL);
INSERT INTO workout_exercise VALUES('233fa456-a04e-4dc3-a7bb-6a55b3e4945c','cddad869-038a-40cd-89c6-afe1d0058be3','6976de9f-8034-443e-8952-10e4590fd576','loaded',8,2,1770959335000,1771157020762,100.0,NULL,7,NULL,1,NULL,NULL);
INSERT INTO workout_exercise VALUES('15d3eb81-d59a-496f-8959-9e84397e560e','cddad869-038a-40cd-89c6-afe1d0058be3','6eaf5bd1-5b7b-469a-9705-b25dc40e36d6','loaded',8,4,1770959335000,1771157035092,60.0,NULL,9,NULL,2,NULL,NULL);
INSERT INTO workout_exercise VALUES('c94895ad-3212-4f8c-82fc-e1bd56e7b975','cddad869-038a-40cd-89c6-afe1d0058be3','18f22ad0-47a4-4d3e-ab77-ffe5c76932ba','loaded',8,4,1770959335000,1771157046409,110.0,NULL,8,NULL,3,NULL,NULL);
INSERT INTO workout_exercise VALUES('4c41b1fa-8987-4de6-8323-1f0a2e93873a','cddad869-038a-40cd-89c6-afe1d0058be3','5da44942-bc01-46ff-82b7-300fe401d783','loaded',8,4,1770959335000,1771157058422,12.0,NULL,8,NULL,4,NULL,NULL);
INSERT INTO workout_exercise VALUES('4c561d80-515b-45ed-857e-3fab90e88841','de7a23f3-6962-4c32-825f-5855308e9f92','26a90782-edcf-42ec-af19-0b8415f5c9f8','finished',8,4,1771157058000,1771157142614,NULL,NULL,NULL,'progressed_reps',0,'ideal',NULL);
INSERT INTO workout_exercise VALUES('31c7b13b-4df4-4862-866c-6547622d3d43','de7a23f3-6962-4c32-825f-5855308e9f92','b48e67e3-8de9-4fbe-879f-0e875058113b','finished',8,2,1771157058000,1771157144728,NULL,NULL,NULL,'progressed_reps',1,'ideal',NULL);
INSERT INTO workout_exercise VALUES('70bf42b0-7bfa-4932-837c-8bb75a041f0e','de7a23f3-6962-4c32-825f-5855308e9f92','12f810c0-9f61-4eae-aca0-7fab09edb0b1','finished',8,4,1771157058000,1771157147712,NULL,NULL,NULL,'progressed_reps',2,'ideal',NULL);
INSERT INTO workout_exercise VALUES('bcaf4056-3098-47c8-b61d-53aa9c929716','de7a23f3-6962-4c32-825f-5855308e9f92','b613025f-fcaa-4aef-96b8-3b62db1f7037','finished',8,2,1771157058000,1771157149690,NULL,NULL,NULL,'progressed_reps',3,'ideal',NULL);
INSERT INTO workout_exercise VALUES('8bc9acb5-5f5e-427c-a9d7-aa0dfacfdf5b','de7a23f3-6962-4c32-825f-5855308e9f92','0ee1b435-4527-4397-873a-e37a9de5fdcd','finished',8,3,1771157058000,1771157151935,NULL,NULL,NULL,'progressed_reps',4,'ideal',NULL);
INSERT INTO workout_exercise VALUES('d0bb55cb-cbd4-4fbe-bbc3-97ee43fc4fdf','de7a23f3-6962-4c32-825f-5855308e9f92','72d721bb-6650-4939-9d9b-a04d5c0825aa','finished',8,3,1771157058000,1771157155560,NULL,NULL,NULL,'progressed_reps',5,'ideal',NULL);
INSERT INTO workout_exercise VALUES('28b11dba-815e-4d95-b41a-1eda178a3196','de7a23f3-6962-4c32-825f-5855308e9f92','99385e35-acf7-479a-b711-1efef63e9864','finished',8,3,1771157058000,1771157157982,NULL,NULL,NULL,'progressed_reps',6,'ideal',NULL);
INSERT INTO workout_exercise VALUES('daef6ee2-8efd-4aa1-b9de-dfab28c9fd1a','9381d002-d65c-46db-84c2-4d1cb0020cd7','2bb30c14-b2ac-41e7-82d5-cec31f6750e8','finished',8,4,1771157058000,1771157162226,NULL,NULL,NULL,'progressed_reps',0,'ideal',NULL);
INSERT INTO workout_exercise VALUES('d30f0a1f-1b6a-4b9d-82f7-9baeb30eab0f','9381d002-d65c-46db-84c2-4d1cb0020cd7','ec66370f-06a8-4d8a-887d-3d2addf7f662','finished',8,2,1771157058000,1771157164147,NULL,NULL,NULL,'progressed_reps',1,'ideal',NULL);
INSERT INTO workout_exercise VALUES('4607741d-9e55-4440-8e90-3adba79688cd','9381d002-d65c-46db-84c2-4d1cb0020cd7','52b9afab-df7c-4739-ba89-dd1a4b19e899','finished',8,4,1771157058000,1771157166929,NULL,NULL,NULL,'progressed_reps',2,'ideal',NULL);
INSERT INTO workout_exercise VALUES('22b00c7e-5dbc-4851-a479-3d102a2ec2ae','9381d002-d65c-46db-84c2-4d1cb0020cd7','daa7b893-93fa-44f4-978e-6f44ce434087','finished',8,4,1771157058000,1771157169752,NULL,NULL,NULL,'progressed_reps',3,'ideal',NULL);
INSERT INTO workout_exercise VALUES('cbda0f9a-030d-458b-ae13-caf1901c0b0a','9381d002-d65c-46db-84c2-4d1cb0020cd7','ef52e5f7-ba8d-42bf-b772-c06b0ff3ce50','finished',8,4,1771157058000,1771157172767,NULL,NULL,NULL,'progressed_reps',4,'ideal',NULL);
INSERT INTO workout_exercise VALUES('9b3727e9-89a0-4d6b-becf-31981e1fb3a9','ef2a764b-7b84-4a75-8eac-a5cdb7c7acca','5c1fd719-a5de-43c4-887a-aa1325d2e46e','finished',8,4,1771157058000,1771157177169,NULL,NULL,NULL,'progressed_reps',0,'ideal',NULL);
INSERT INTO workout_exercise VALUES('967ef64a-8308-4b8d-985a-527aa1e6c013','ef2a764b-7b84-4a75-8eac-a5cdb7c7acca','f1824834-9351-435d-85f9-7db91666c9e4','finished',8,2,1771157058000,1771157179609,NULL,NULL,NULL,'progressed_reps',1,'ideal',NULL);
INSERT INTO workout_exercise VALUES('680351a5-9e7f-457f-875a-e9e473651c9d','ef2a764b-7b84-4a75-8eac-a5cdb7c7acca','78709549-2550-4ca7-ad67-673777682d96','finished',8,4,1771157058000,1771157182570,NULL,NULL,NULL,'progressed_reps',2,'ideal',NULL);
INSERT INTO workout_exercise VALUES('6f36ef91-bbcc-4d86-a8c6-bda288e05a86','ef2a764b-7b84-4a75-8eac-a5cdb7c7acca','7227c8a2-89cd-46ec-a41a-23ec27cce126','finished',8,2,1771157058000,1771157184787,NULL,NULL,NULL,'progressed_reps',3,'ideal',NULL);
INSERT INTO workout_exercise VALUES('33f5146a-cabc-4812-94a4-f210d94b4625','ef2a764b-7b84-4a75-8eac-a5cdb7c7acca','ceeaf956-ef41-4b66-b1ad-27df4784c14d','finished',8,3,1771157058000,1771157187372,NULL,NULL,NULL,'progressed_reps',4,'ideal',NULL);
INSERT INTO workout_exercise VALUES('3ea37de7-796e-4d24-9690-b224cc0958b8','ef2a764b-7b84-4a75-8eac-a5cdb7c7acca','cbc0db4b-a4b3-4db7-97dc-3d2959427db1','finished',8,3,1771157058000,1771157190169,NULL,NULL,NULL,'progressed_reps',5,'ideal',NULL);
INSERT INTO workout_exercise VALUES('4c1dac74-4f85-483d-94c8-06d240181656','ef2a764b-7b84-4a75-8eac-a5cdb7c7acca','fd4ce2f4-8f9e-4ddf-a4bd-3f06b1ed5945','finished',8,3,1771157058000,1771157193133,NULL,NULL,NULL,'progressed_reps',6,'ideal',NULL);
INSERT INTO workout_exercise VALUES('f9c2380d-8e92-49d5-ad5e-ae96b599e83d','eb8c484b-b3d9-4170-bffe-b50094bfcc1a','413db5a0-47fb-48da-b9c3-d3267c427613','finished',8,4,1771157058000,1771157197939,NULL,NULL,NULL,'progressed_reps',0,'ideal',NULL);
INSERT INTO workout_exercise VALUES('551be5d3-ead9-4c48-aab5-6d7b5b353edc','eb8c484b-b3d9-4170-bffe-b50094bfcc1a','6976de9f-8034-443e-8952-10e4590fd576','finished',8,2,1771157058000,1771157199822,NULL,NULL,NULL,'progressed_reps',1,'ideal',NULL);
INSERT INTO workout_exercise VALUES('e4fbbd10-4cfc-44bc-ae6d-71c17cab2f55','eb8c484b-b3d9-4170-bffe-b50094bfcc1a','6eaf5bd1-5b7b-469a-9705-b25dc40e36d6','finished',8,4,1771157058000,1771157202534,NULL,NULL,NULL,'progressed_reps',2,'ideal',NULL);
INSERT INTO workout_exercise VALUES('b223244f-7714-4d8a-98d0-6cd6aa842cf5','eb8c484b-b3d9-4170-bffe-b50094bfcc1a','18f22ad0-47a4-4d3e-ab77-ffe5c76932ba','finished',8,4,1771157058000,1771157205723,NULL,NULL,NULL,'progressed_reps',3,'ideal',NULL);
INSERT INTO workout_exercise VALUES('39bc8fc2-859f-4a80-adfd-26f5f55c33e4','eb8c484b-b3d9-4170-bffe-b50094bfcc1a','5da44942-bc01-46ff-82b7-300fe401d783','finished',8,4,1771157059000,1771157208935,NULL,NULL,NULL,'progressed_reps',4,'ideal',NULL);
INSERT INTO workout_exercise VALUES('9e4af205-c220-41a4-86b5-8313181dc15e','f2aaf3c2-0733-43a9-a3b8-98848d0fce03','26a90782-edcf-42ec-af19-0b8415f5c9f8','finished',8,4,1771157208000,1771157213575,NULL,NULL,NULL,'progressed_reps',0,'ideal',NULL);
INSERT INTO workout_exercise VALUES('31ced13b-d19e-46c4-bad0-9d3f8f7e795e','f2aaf3c2-0733-43a9-a3b8-98848d0fce03','b48e67e3-8de9-4fbe-879f-0e875058113b','finished',8,2,1771157208000,1771157215903,NULL,NULL,NULL,'progressed_reps',1,'ideal',NULL);
INSERT INTO workout_exercise VALUES('1defea2b-38ba-461c-b71b-72820a5a5551','f2aaf3c2-0733-43a9-a3b8-98848d0fce03','12f810c0-9f61-4eae-aca0-7fab09edb0b1','finished',8,4,1771157208000,1771157219160,NULL,NULL,NULL,'progressed_reps',2,'ideal',NULL);
INSERT INTO workout_exercise VALUES('f8300a2d-ebdd-4413-b114-16f979bf5e5b','f2aaf3c2-0733-43a9-a3b8-98848d0fce03','b613025f-fcaa-4aef-96b8-3b62db1f7037','finished',8,2,1771157208000,1771157220909,NULL,NULL,NULL,'progressed_reps',3,'ideal',NULL);
INSERT INTO workout_exercise VALUES('30590a8d-7c03-486e-874a-e601d40200f8','f2aaf3c2-0733-43a9-a3b8-98848d0fce03','0ee1b435-4527-4397-873a-e37a9de5fdcd','finished',8,3,1771157208000,1771157223342,NULL,NULL,NULL,'progressed_reps',4,'ideal',NULL);
INSERT INTO workout_exercise VALUES('c0a0dcee-27e9-400a-82d7-9b742f587337','f2aaf3c2-0733-43a9-a3b8-98848d0fce03','72d721bb-6650-4939-9d9b-a04d5c0825aa','finished',8,3,1771157208000,1771157226180,NULL,NULL,NULL,'progressed_reps',5,'ideal',NULL);
INSERT INTO workout_exercise VALUES('96d2403a-ef0c-4ce8-8ff9-d818bc210099','f2aaf3c2-0733-43a9-a3b8-98848d0fce03','99385e35-acf7-479a-b711-1efef63e9864','finished',8,3,1771157208000,1771157228848,NULL,NULL,NULL,'progressed_reps',6,'ideal',NULL);
INSERT INTO workout_exercise VALUES('11641c7c-88cd-4587-b9e1-893186c2f765','746b3d94-d634-4ab6-9dfa-b2910b722838','2bb30c14-b2ac-41e7-82d5-cec31f6750e8','finished',8,4,1771157208000,1771157233499,NULL,NULL,NULL,'progressed_reps',0,'ideal',NULL);
INSERT INTO workout_exercise VALUES('056ae70a-7c80-4e34-96a4-f9a5d0dc84bc','746b3d94-d634-4ab6-9dfa-b2910b722838','ec66370f-06a8-4d8a-887d-3d2addf7f662','finished',8,2,1771157208000,1771157237666,NULL,NULL,NULL,'progressed_reps',1,'ideal',NULL);
INSERT INTO workout_exercise VALUES('e154deec-43d1-4889-ab15-e02e38190150','746b3d94-d634-4ab6-9dfa-b2910b722838','52b9afab-df7c-4739-ba89-dd1a4b19e899','finished',8,4,1771157208000,1771157240357,NULL,NULL,NULL,'progressed_reps',2,'ideal',NULL);
INSERT INTO workout_exercise VALUES('1c446766-bfc8-4731-9de7-872f15f3e5b9','746b3d94-d634-4ab6-9dfa-b2910b722838','daa7b893-93fa-44f4-978e-6f44ce434087','finished',8,4,1771157208000,1771157243137,NULL,NULL,NULL,'progressed_reps',3,'ideal',NULL);
INSERT INTO workout_exercise VALUES('e69cd1ac-715d-4ef0-bc8a-d1cb0886a1df','746b3d94-d634-4ab6-9dfa-b2910b722838','ef52e5f7-ba8d-42bf-b772-c06b0ff3ce50','finished',8,4,1771157208000,1771157246242,NULL,NULL,NULL,'progressed_reps',4,'ideal',NULL);
INSERT INTO workout_exercise VALUES('d7da3aa3-aa1c-4b97-89cd-a870975b41af','f7813969-0e06-4683-87a3-c4b3a5021aeb','5c1fd719-a5de-43c4-887a-aa1325d2e46e','finished',8,4,1771157208000,1771157250417,NULL,NULL,NULL,'progressed_reps',0,'ideal',NULL);
INSERT INTO workout_exercise VALUES('5a189878-4e65-415c-ad51-c10de30d8456','f7813969-0e06-4683-87a3-c4b3a5021aeb','f1824834-9351-435d-85f9-7db91666c9e4','finished',8,2,1771157208000,1771157252210,NULL,NULL,NULL,'progressed_reps',1,'ideal',NULL);
INSERT INTO workout_exercise VALUES('d99a38f8-8280-4856-b2e6-1862e1ce6696','f7813969-0e06-4683-87a3-c4b3a5021aeb','78709549-2550-4ca7-ad67-673777682d96','finished',8,4,1771157208000,1771157254724,NULL,NULL,NULL,'progressed_reps',2,'ideal',NULL);
INSERT INTO workout_exercise VALUES('37f33045-91cc-4133-a5ef-c24f50221e6c','f7813969-0e06-4683-87a3-c4b3a5021aeb','7227c8a2-89cd-46ec-a41a-23ec27cce126','finished',8,2,1771157208000,1771157257129,NULL,NULL,NULL,'progressed_reps',3,'ideal',NULL);
INSERT INTO workout_exercise VALUES('a726bf40-f94f-4421-ba73-5aabf7437fc6','f7813969-0e06-4683-87a3-c4b3a5021aeb','ceeaf956-ef41-4b66-b1ad-27df4784c14d','finished',8,3,1771157208000,1771157259728,NULL,NULL,NULL,'progressed_reps',4,'ideal',NULL);
INSERT INTO workout_exercise VALUES('808d7288-f10f-4dcb-9d94-d997e00b8264','f7813969-0e06-4683-87a3-c4b3a5021aeb','cbc0db4b-a4b3-4db7-97dc-3d2959427db1','finished',8,3,1771157208000,1771157262610,NULL,NULL,NULL,'progressed_reps',5,'ideal',NULL);
INSERT INTO workout_exercise VALUES('71ed5c64-01d8-4885-85f1-4531e7fe233c','f7813969-0e06-4683-87a3-c4b3a5021aeb','fd4ce2f4-8f9e-4ddf-a4bd-3f06b1ed5945','finished',8,3,1771157208000,1771157265600,NULL,NULL,NULL,'progressed_reps',6,'ideal',NULL);
INSERT INTO workout_exercise VALUES('3ec31dfd-2b75-443f-bc99-3c9599ad547a','693a2b32-19ca-4dad-8f2e-cabd84186465','413db5a0-47fb-48da-b9c3-d3267c427613','finished',8,4,1771157208000,1771157269718,NULL,NULL,NULL,'progressed_reps',0,'ideal',NULL);
INSERT INTO workout_exercise VALUES('1a38209c-1141-48dd-b93f-27c6a9e88bf6','693a2b32-19ca-4dad-8f2e-cabd84186465','6976de9f-8034-443e-8952-10e4590fd576','finished',8,2,1771157208000,1771157271826,NULL,NULL,NULL,'progressed_reps',1,'ideal',NULL);
INSERT INTO workout_exercise VALUES('b98e477f-ee13-4e99-857b-c7e19f980af5','693a2b32-19ca-4dad-8f2e-cabd84186465','6eaf5bd1-5b7b-469a-9705-b25dc40e36d6','finished',8,4,1771157208000,1771157274555,NULL,NULL,NULL,'progressed_reps',2,'ideal',NULL);
INSERT INTO workout_exercise VALUES('1efc4928-927c-4bf5-9efe-2d6c030e8890','693a2b32-19ca-4dad-8f2e-cabd84186465','18f22ad0-47a4-4d3e-ab77-ffe5c76932ba','finished',8,4,1771157208000,1771157277779,NULL,NULL,NULL,'progressed_reps',3,'ideal',NULL);
INSERT INTO workout_exercise VALUES('5ae46107-d9ed-4502-af7c-cf5b1edd340e','693a2b32-19ca-4dad-8f2e-cabd84186465','5da44942-bc01-46ff-82b7-300fe401d783','finished',8,4,1771157208000,1771157280549,NULL,NULL,NULL,'progressed_reps',4,'ideal',NULL);
INSERT INTO workout_exercise VALUES('2fe2458f-5297-4ba1-ba90-6543bca4d5f9','acff5b4a-3a4e-4c2e-8e0e-0c5cdc561a79','26a90782-edcf-42ec-af19-0b8415f5c9f8','finished',8,4,1771157280000,1771157285902,NULL,NULL,NULL,'progressed_reps',0,'ideal',NULL);
INSERT INTO workout_exercise VALUES('f6febe65-9406-4ee7-a00c-abd48836f94b','acff5b4a-3a4e-4c2e-8e0e-0c5cdc561a79','b48e67e3-8de9-4fbe-879f-0e875058113b','finished',8,2,1771157280000,1771157287635,NULL,NULL,NULL,'progressed_reps',1,'ideal',NULL);
INSERT INTO workout_exercise VALUES('1768a9f1-11da-41fa-8f98-58d985714290','acff5b4a-3a4e-4c2e-8e0e-0c5cdc561a79','12f810c0-9f61-4eae-aca0-7fab09edb0b1','finished',8,4,1771157280000,1771157290214,NULL,NULL,NULL,'progressed_reps',2,'ideal',NULL);
INSERT INTO workout_exercise VALUES('b1157b9e-a2cf-4655-9271-d8cf3d7b3681','acff5b4a-3a4e-4c2e-8e0e-0c5cdc561a79','b613025f-fcaa-4aef-96b8-3b62db1f7037','finished',8,2,1771157280000,1771157292506,NULL,NULL,NULL,'progressed_reps',3,'ideal',NULL);
INSERT INTO workout_exercise VALUES('1a315db2-9046-4057-8259-2ab1940d1f52','acff5b4a-3a4e-4c2e-8e0e-0c5cdc561a79','0ee1b435-4527-4397-873a-e37a9de5fdcd','finished',8,3,1771157280000,1771157295256,NULL,NULL,NULL,'progressed_reps',4,'ideal',NULL);
INSERT INTO workout_exercise VALUES('11adbbf3-a2fb-4392-a363-77e2d92d4ca8','acff5b4a-3a4e-4c2e-8e0e-0c5cdc561a79','72d721bb-6650-4939-9d9b-a04d5c0825aa','finished',8,3,1771157280000,1771157297402,NULL,NULL,NULL,'progressed_reps',5,'ideal',NULL);
INSERT INTO workout_exercise VALUES('99be3a3e-bcdf-4e94-98af-78db3c134104','acff5b4a-3a4e-4c2e-8e0e-0c5cdc561a79','99385e35-acf7-479a-b711-1efef63e9864','finished',8,3,1771157280000,1771157299684,NULL,NULL,NULL,'progressed_reps',6,'ideal',NULL);
INSERT INTO workout_exercise VALUES('594dc217-ffbe-4bc0-924d-27c8e069dd43','5eafa010-0d79-4af3-91f6-281b3c993371','2bb30c14-b2ac-41e7-82d5-cec31f6750e8','finished',8,4,1771157280000,1771157304527,NULL,NULL,NULL,'progressed_reps',0,'ideal',NULL);
INSERT INTO workout_exercise VALUES('bc9f96a2-921c-4db8-97b6-44eb70bcbf50','5eafa010-0d79-4af3-91f6-281b3c993371','ec66370f-06a8-4d8a-887d-3d2addf7f662','finished',8,2,1771157280000,1771157306718,NULL,NULL,NULL,'progressed_reps',1,'ideal',NULL);
INSERT INTO workout_exercise VALUES('7c53639b-33cf-47eb-8278-0274f2e0758f','5eafa010-0d79-4af3-91f6-281b3c993371','52b9afab-df7c-4739-ba89-dd1a4b19e899','finished',8,4,1771157280000,1771157309523,NULL,NULL,NULL,'progressed_reps',2,'ideal',NULL);
INSERT INTO workout_exercise VALUES('3a24adfe-22ba-4480-8a1c-8c211363ff8e','5eafa010-0d79-4af3-91f6-281b3c993371','daa7b893-93fa-44f4-978e-6f44ce434087','finished',8,4,1771157280000,1771157312603,NULL,NULL,NULL,'progressed_reps',3,'ideal',NULL);
INSERT INTO workout_exercise VALUES('c204dbd5-f22f-46c8-8132-d02a04584fec','5eafa010-0d79-4af3-91f6-281b3c993371','ef52e5f7-ba8d-42bf-b772-c06b0ff3ce50','finished',8,4,1771157280000,1771157315505,NULL,NULL,NULL,'progressed_reps',4,'ideal',NULL);
INSERT INTO workout_exercise VALUES('2ea9e24e-b0a8-4d46-b34f-3528388da921','6209c3f4-16c0-4e40-925c-3c6b8708cc16','5c1fd719-a5de-43c4-887a-aa1325d2e46e','finished',8,4,1771157280000,1771157320307,NULL,NULL,NULL,'progressed_reps',0,'ideal',NULL);
INSERT INTO workout_exercise VALUES('a95ec3a7-d505-4667-ac84-3032816dd61a','6209c3f4-16c0-4e40-925c-3c6b8708cc16','f1824834-9351-435d-85f9-7db91666c9e4','finished',8,2,1771157280000,1771157322070,NULL,NULL,NULL,'progressed_reps',1,'ideal',NULL);
INSERT INTO workout_exercise VALUES('1c3e8aa0-a7a4-41fa-aeab-d50b2070e99c','6209c3f4-16c0-4e40-925c-3c6b8708cc16','78709549-2550-4ca7-ad67-673777682d96','finished',8,4,1771157280000,1771157325189,NULL,NULL,NULL,'progressed_reps',2,'ideal',NULL);
INSERT INTO workout_exercise VALUES('d1b95fe4-6ce9-46fd-9869-580394eb8202','6209c3f4-16c0-4e40-925c-3c6b8708cc16','7227c8a2-89cd-46ec-a41a-23ec27cce126','finished',8,2,1771157280000,1771157327383,NULL,NULL,NULL,'progressed_reps',3,'ideal',NULL);
INSERT INTO workout_exercise VALUES('27a5656c-1be3-4fe6-bd92-0d8a380380f3','6209c3f4-16c0-4e40-925c-3c6b8708cc16','ceeaf956-ef41-4b66-b1ad-27df4784c14d','finished',8,3,1771157280000,1771157329799,NULL,NULL,NULL,'progressed_reps',4,'ideal',NULL);
INSERT INTO workout_exercise VALUES('d7fcbe1f-6c1b-4b65-bf44-98c54b1e200d','6209c3f4-16c0-4e40-925c-3c6b8708cc16','cbc0db4b-a4b3-4db7-97dc-3d2959427db1','finished',8,3,1771157280000,1771157332252,NULL,NULL,NULL,'progressed_reps',5,'ideal',NULL);
INSERT INTO workout_exercise VALUES('39977738-6538-46fe-8c7b-20e490cab1e6','6209c3f4-16c0-4e40-925c-3c6b8708cc16','fd4ce2f4-8f9e-4ddf-a4bd-3f06b1ed5945','finished',8,3,1771157280000,1771157334961,NULL,NULL,NULL,'progressed_reps',6,'ideal',NULL);
INSERT INTO workout_exercise VALUES('e4610dc9-45c9-486c-a127-62c956f7ddbf','1c196d28-9d92-4c9b-8b6d-936e5e8199b9','413db5a0-47fb-48da-b9c3-d3267c427613','finished',8,4,1771157280000,1771157342766,NULL,NULL,NULL,'progressed_reps',0,'ideal',NULL);
INSERT INTO workout_exercise VALUES('619c2a9b-8f5e-4a1c-9bba-315a48acb290','1c196d28-9d92-4c9b-8b6d-936e5e8199b9','6976de9f-8034-443e-8952-10e4590fd576','finished',8,2,1771157280000,1771157345575,NULL,NULL,NULL,'progressed_reps',1,'ideal',NULL);
INSERT INTO workout_exercise VALUES('696ce912-0f41-42f1-acf1-626f54437b70','1c196d28-9d92-4c9b-8b6d-936e5e8199b9','6eaf5bd1-5b7b-469a-9705-b25dc40e36d6','finished',8,4,1771157280000,1771157347968,NULL,NULL,NULL,'progressed_reps',2,'ideal',NULL);
INSERT INTO workout_exercise VALUES('a5ce6ef8-dd8d-4b1c-bead-9524ed1444e7','1c196d28-9d92-4c9b-8b6d-936e5e8199b9','18f22ad0-47a4-4d3e-ab77-ffe5c76932ba','finished',8,4,1771157280000,1771157350459,NULL,NULL,NULL,'progressed_reps',3,'ideal',NULL);
INSERT INTO workout_exercise VALUES('0306cc84-9e2d-4e71-a9a7-49a4a0a58542','1c196d28-9d92-4c9b-8b6d-936e5e8199b9','5da44942-bc01-46ff-82b7-300fe401d783','finished',8,4,1771157280000,1771157353069,NULL,NULL,NULL,'progressed_reps',4,'ideal',NULL);
INSERT INTO workout_exercise VALUES('5293d281-e492-4f2d-8794-e3ba4c5d0a74','e4c8fc90-ba37-4a69-bf1d-7e7bc9a4b737','26a90782-edcf-42ec-af19-0b8415f5c9f8','finished',8,4,1771157353000,1771157360461,NULL,NULL,NULL,'progressed_reps',0,'ideal',NULL);
INSERT INTO workout_exercise VALUES('7571f646-b1d1-4d1e-b2ec-217cd4c06786','e4c8fc90-ba37-4a69-bf1d-7e7bc9a4b737','b48e67e3-8de9-4fbe-879f-0e875058113b','finished',8,2,1771157353000,1771157362074,NULL,NULL,NULL,'progressed_reps',1,'ideal',NULL);
INSERT INTO workout_exercise VALUES('e9ccdd06-ac30-48f4-b805-180bc854e6d9','e4c8fc90-ba37-4a69-bf1d-7e7bc9a4b737','12f810c0-9f61-4eae-aca0-7fab09edb0b1','finished',8,4,1771157353000,1771157364726,NULL,NULL,NULL,'progressed_reps',2,'ideal',NULL);
INSERT INTO workout_exercise VALUES('42bdf6c7-d7b3-4be2-a847-ed6fee3b0084','e4c8fc90-ba37-4a69-bf1d-7e7bc9a4b737','b613025f-fcaa-4aef-96b8-3b62db1f7037','finished',8,2,1771157353000,1771157366611,NULL,NULL,NULL,'progressed_reps',3,'ideal',NULL);
INSERT INTO workout_exercise VALUES('c4b66eaa-406a-42cd-ad1b-2a517e03facb','e4c8fc90-ba37-4a69-bf1d-7e7bc9a4b737','0ee1b435-4527-4397-873a-e37a9de5fdcd','finished',8,3,1771157353000,1771157369299,NULL,NULL,NULL,'progressed_reps',4,'ideal',NULL);
INSERT INTO workout_exercise VALUES('6aeda706-a96b-433c-a83e-055c8cea42f7','e4c8fc90-ba37-4a69-bf1d-7e7bc9a4b737','72d721bb-6650-4939-9d9b-a04d5c0825aa','finished',8,3,1771157353000,1771157371475,NULL,NULL,NULL,'progressed_reps',5,'ideal',NULL);
INSERT INTO workout_exercise VALUES('677b1796-6b99-4229-ae95-b8f5498ef0ec','e4c8fc90-ba37-4a69-bf1d-7e7bc9a4b737','99385e35-acf7-479a-b711-1efef63e9864','finished',8,3,1771157353000,1771157373795,NULL,NULL,NULL,'progressed_reps',6,'ideal',NULL);
INSERT INTO workout_exercise VALUES('15c0e54e-6aa6-48f1-bb22-c219608d4852','110283a8-c88e-4fed-8d14-23c3c713f0a0','2bb30c14-b2ac-41e7-82d5-cec31f6750e8','finished',8,4,1771157353000,1771157492857,NULL,NULL,NULL,'progressed_reps',0,'ideal',NULL);
INSERT INTO workout_exercise VALUES('c3fb751e-7072-486a-87c0-295b6650d412','110283a8-c88e-4fed-8d14-23c3c713f0a0','ec66370f-06a8-4d8a-887d-3d2addf7f662','finished',8,2,1771157353000,1771157494751,NULL,NULL,NULL,'progressed_reps',1,'ideal',NULL);
INSERT INTO workout_exercise VALUES('96343100-68a0-4c8a-af9e-43d9a552adb3','110283a8-c88e-4fed-8d14-23c3c713f0a0','52b9afab-df7c-4739-ba89-dd1a4b19e899','finished',8,4,1771157353000,1771157497491,NULL,NULL,NULL,'progressed_reps',2,'ideal',NULL);
INSERT INTO workout_exercise VALUES('a824efc7-f37b-4761-ae6e-c102b468437a','110283a8-c88e-4fed-8d14-23c3c713f0a0','daa7b893-93fa-44f4-978e-6f44ce434087','finished',8,4,1771157353000,1771157499809,NULL,NULL,NULL,'progressed_reps',3,'ideal',NULL);
INSERT INTO workout_exercise VALUES('b66e814b-9bbb-4a57-9563-19e76236c106','110283a8-c88e-4fed-8d14-23c3c713f0a0','ef52e5f7-ba8d-42bf-b772-c06b0ff3ce50','finished',8,4,1771157353000,1771157502259,NULL,NULL,NULL,'progressed_reps',4,'ideal',NULL);
INSERT INTO workout_exercise VALUES('c98ca44d-2505-491f-bda6-9c84ecdf44c6','134f5e40-5624-4da0-9265-9e9db71ccb6e','5c1fd719-a5de-43c4-887a-aa1325d2e46e','finished',8,4,1771157353000,1771157507355,NULL,NULL,NULL,'progressed_reps',0,'ideal',NULL);
INSERT INTO workout_exercise VALUES('87785fd3-1c5a-4c8f-a511-1135fda38bfa','134f5e40-5624-4da0-9265-9e9db71ccb6e','f1824834-9351-435d-85f9-7db91666c9e4','finished',8,2,1771157353000,1771157510122,NULL,NULL,NULL,'progressed_reps',1,'ideal',NULL);
INSERT INTO workout_exercise VALUES('eb1a7bab-ad2d-4d88-89d2-44d19bf39755','134f5e40-5624-4da0-9265-9e9db71ccb6e','78709549-2550-4ca7-ad67-673777682d96','finished',8,4,1771157353000,1771157512791,NULL,NULL,NULL,'progressed_reps',2,'ideal',NULL);
INSERT INTO workout_exercise VALUES('6701beab-62bc-4c3e-bea9-a2935d014427','134f5e40-5624-4da0-9265-9e9db71ccb6e','7227c8a2-89cd-46ec-a41a-23ec27cce126','finished',8,2,1771157353000,1771157514542,NULL,NULL,NULL,'progressed_reps',3,'ideal',NULL);
INSERT INTO workout_exercise VALUES('7c8aa24e-b220-4ec5-8f42-8f552b440f89','134f5e40-5624-4da0-9265-9e9db71ccb6e','ceeaf956-ef41-4b66-b1ad-27df4784c14d','finished',8,3,1771157353000,1771157516841,NULL,NULL,NULL,'progressed_reps',4,'ideal',NULL);
INSERT INTO workout_exercise VALUES('c97ab43a-3e55-44b6-b72f-6719f4f9e814','134f5e40-5624-4da0-9265-9e9db71ccb6e','cbc0db4b-a4b3-4db7-97dc-3d2959427db1','finished',8,3,1771157353000,1771157519140,NULL,NULL,NULL,'progressed_reps',5,'ideal',NULL);
INSERT INTO workout_exercise VALUES('72477cc6-c214-4937-8a87-63c089baba25','134f5e40-5624-4da0-9265-9e9db71ccb6e','fd4ce2f4-8f9e-4ddf-a4bd-3f06b1ed5945','finished',8,3,1771157353000,1771157521291,NULL,NULL,NULL,'progressed_reps',6,'ideal',NULL);
INSERT INTO workout_exercise VALUES('a27ae96b-7bb8-4249-baee-225f1eda0af5','2eb60a89-6170-42be-aa69-65cadc1b021f','413db5a0-47fb-48da-b9c3-d3267c427613','finished',8,4,1771157353000,1771157528927,NULL,NULL,NULL,'progressed_reps',0,'ideal',NULL);
INSERT INTO workout_exercise VALUES('ecef7193-b49c-49bd-a5d8-a5941d75c931','2eb60a89-6170-42be-aa69-65cadc1b021f','6976de9f-8034-443e-8952-10e4590fd576','finished',8,2,1771157353000,1771157530993,NULL,NULL,NULL,'progressed_reps',1,'ideal',NULL);
INSERT INTO workout_exercise VALUES('c0391686-1c4e-4077-8f93-d90d6553b074','2eb60a89-6170-42be-aa69-65cadc1b021f','6eaf5bd1-5b7b-469a-9705-b25dc40e36d6','finished',8,4,1771157353000,1771157533665,NULL,NULL,NULL,'progressed_reps',2,'ideal',NULL);
INSERT INTO workout_exercise VALUES('6ad03976-f291-4311-b942-9132922f74db','2eb60a89-6170-42be-aa69-65cadc1b021f','18f22ad0-47a4-4d3e-ab77-ffe5c76932ba','finished',8,4,1771157353000,1771157536821,NULL,NULL,NULL,'progressed_reps',3,'ideal',NULL);
INSERT INTO workout_exercise VALUES('ff444999-0745-4cd4-95b2-727e993d218d','2eb60a89-6170-42be-aa69-65cadc1b021f','5da44942-bc01-46ff-82b7-300fe401d783','finished',8,4,1771157353000,1771157544598,NULL,NULL,NULL,'progressed_reps',4,'ideal',NULL);
INSERT INTO workout_exercise VALUES('d64bbb7d-6423-4585-9b87-0ce935b43b50','e4bc38a2-a0aa-4da2-bd0d-a1ff85e5811c','26a90782-edcf-42ec-af19-0b8415f5c9f8','finished',8,4,1771157544000,1771157565082,NULL,NULL,NULL,'progressed_reps',0,'ideal',NULL);
INSERT INTO workout_exercise VALUES('116d538e-d1e5-4b79-8f32-4f3be4d92d1e','e4bc38a2-a0aa-4da2-bd0d-a1ff85e5811c','b48e67e3-8de9-4fbe-879f-0e875058113b','finished',8,2,1771157544000,1771157567134,NULL,NULL,NULL,'progressed_reps',1,'ideal',NULL);
INSERT INTO workout_exercise VALUES('e22ec54b-6d02-4d81-b64d-fd6f5470a7f2','e4bc38a2-a0aa-4da2-bd0d-a1ff85e5811c','12f810c0-9f61-4eae-aca0-7fab09edb0b1','finished',8,4,1771157544000,1771157570312,NULL,NULL,NULL,'progressed_reps',2,'ideal',NULL);
INSERT INTO workout_exercise VALUES('328939d4-15a9-452e-9a26-ef9757f47637','e4bc38a2-a0aa-4da2-bd0d-a1ff85e5811c','b613025f-fcaa-4aef-96b8-3b62db1f7037','finished',8,2,1771157544000,1771157572000,NULL,NULL,NULL,'progressed_reps',3,'ideal',NULL);
INSERT INTO workout_exercise VALUES('276b4b4b-faea-4d6f-86af-3c2e389fa283','e4bc38a2-a0aa-4da2-bd0d-a1ff85e5811c','0ee1b435-4527-4397-873a-e37a9de5fdcd','finished',8,3,1771157544000,1771157574288,NULL,NULL,NULL,'progressed_reps',4,'ideal',NULL);
INSERT INTO workout_exercise VALUES('e8e2d0a0-f3a5-427d-8110-fe8f79cdf961','e4bc38a2-a0aa-4da2-bd0d-a1ff85e5811c','72d721bb-6650-4939-9d9b-a04d5c0825aa','finished',8,3,1771157544000,1771157576783,NULL,NULL,NULL,'progressed_reps',5,'ideal',NULL);
INSERT INTO workout_exercise VALUES('291e194e-0094-4225-8ffa-881368a399f0','e4bc38a2-a0aa-4da2-bd0d-a1ff85e5811c','99385e35-acf7-479a-b711-1efef63e9864','finished',8,3,1771157544000,1771157579715,NULL,NULL,NULL,'progressed_reps',6,'ideal',NULL);
INSERT INTO workout_exercise VALUES('33d8a25f-385d-4d12-8146-5e69c553fdb3','aa78817b-1703-4984-bfaf-dc756e7f222c','2bb30c14-b2ac-41e7-82d5-cec31f6750e8','finished',8,4,1771157544000,1771157584865,NULL,NULL,NULL,'progressed_reps',0,'ideal',NULL);
INSERT INTO workout_exercise VALUES('e18bbd46-434b-45a7-a81b-d2e667d3e1f9','aa78817b-1703-4984-bfaf-dc756e7f222c','ec66370f-06a8-4d8a-887d-3d2addf7f662','finished',8,2,1771157544000,1771157587386,NULL,NULL,NULL,'progressed_reps',1,'ideal',NULL);
INSERT INTO workout_exercise VALUES('60a6f2a7-8a89-44f9-86dc-ae2eab6c1985','aa78817b-1703-4984-bfaf-dc756e7f222c','52b9afab-df7c-4739-ba89-dd1a4b19e899','finished',8,4,1771157544000,1771157590329,NULL,NULL,NULL,'progressed_reps',2,'ideal',NULL);
INSERT INTO workout_exercise VALUES('4314f4be-bfb9-4194-8b8a-3752ede025a7','aa78817b-1703-4984-bfaf-dc756e7f222c','daa7b893-93fa-44f4-978e-6f44ce434087','finished',8,4,1771157544000,1771157593545,NULL,NULL,NULL,'progressed_reps',3,'ideal',NULL);
INSERT INTO workout_exercise VALUES('3f7637ce-79ef-4361-b2f9-0fc4e2bb0207','aa78817b-1703-4984-bfaf-dc756e7f222c','ef52e5f7-ba8d-42bf-b772-c06b0ff3ce50','finished',8,4,1771157544000,1771157595898,NULL,NULL,NULL,'progressed_reps',4,'ideal',NULL);
INSERT INTO workout_exercise VALUES('a086eb07-fb17-46b0-8722-573d48937213','55f6b3b6-731d-4c26-a4a2-857233f3b8dd','5c1fd719-a5de-43c4-887a-aa1325d2e46e','finished',8,4,1771157544000,1771157600848,NULL,NULL,NULL,'progressed_reps',0,'ideal',NULL);
INSERT INTO workout_exercise VALUES('4aa8c9d9-89f6-4fc4-82ce-8c39cb8bbd00','55f6b3b6-731d-4c26-a4a2-857233f3b8dd','f1824834-9351-435d-85f9-7db91666c9e4','finished',8,2,1771157544000,1771157604214,NULL,NULL,NULL,'progressed_reps',1,'ideal',NULL);
INSERT INTO workout_exercise VALUES('60c19d88-8e65-495a-96ba-4ec5c177f2ff','55f6b3b6-731d-4c26-a4a2-857233f3b8dd','78709549-2550-4ca7-ad67-673777682d96','finished',8,4,1771157544000,1771157607418,NULL,NULL,NULL,'progressed_reps',2,'ideal',NULL);
INSERT INTO workout_exercise VALUES('1501632d-d38d-4ff8-a542-1525fb9643a5','55f6b3b6-731d-4c26-a4a2-857233f3b8dd','7227c8a2-89cd-46ec-a41a-23ec27cce126','finished',8,2,1771157544000,1771157609848,NULL,NULL,NULL,'progressed_reps',3,'ideal',NULL);
INSERT INTO workout_exercise VALUES('2c7d65ae-4d64-4a10-a768-e184eefe5b2a','55f6b3b6-731d-4c26-a4a2-857233f3b8dd','ceeaf956-ef41-4b66-b1ad-27df4784c14d','finished',8,3,1771157544000,1771157612332,NULL,NULL,NULL,'progressed_reps',4,'ideal',NULL);
INSERT INTO workout_exercise VALUES('c7c7e21a-1772-470f-a3aa-295ff48cb93b','55f6b3b6-731d-4c26-a4a2-857233f3b8dd','cbc0db4b-a4b3-4db7-97dc-3d2959427db1','finished',8,3,1771157544000,1771157615508,NULL,NULL,NULL,'progressed_reps',5,'ideal',NULL);
INSERT INTO workout_exercise VALUES('52f22328-5521-47b3-a9b5-f5fe8d119084','55f6b3b6-731d-4c26-a4a2-857233f3b8dd','fd4ce2f4-8f9e-4ddf-a4bd-3f06b1ed5945','finished',8,3,1771157544000,1771157617766,NULL,NULL,NULL,'progressed_reps',6,'ideal',NULL);
INSERT INTO workout_exercise VALUES('429be707-7625-4e81-9edb-eb2087d7de90','486410d4-2d66-4903-a04c-73a74dc15016','413db5a0-47fb-48da-b9c3-d3267c427613','finished',8,4,1771157544000,1771157641638,NULL,NULL,NULL,'progressed_reps',0,'ideal',NULL);
INSERT INTO workout_exercise VALUES('42e92d2e-9e76-4055-aa78-097534a0d0bb','486410d4-2d66-4903-a04c-73a74dc15016','6976de9f-8034-443e-8952-10e4590fd576','finished',8,2,1771157544000,1771157643334,NULL,NULL,NULL,'progressed_reps',1,'ideal',NULL);
INSERT INTO workout_exercise VALUES('66cd1b84-5f67-4a7e-9def-925d69780a5c','486410d4-2d66-4903-a04c-73a74dc15016','6eaf5bd1-5b7b-469a-9705-b25dc40e36d6','finished',8,4,1771157544000,1771157645835,NULL,NULL,NULL,'progressed_reps',2,'ideal',NULL);
INSERT INTO workout_exercise VALUES('32ed50ff-b023-4403-ae55-380a572b6d7a','486410d4-2d66-4903-a04c-73a74dc15016','18f22ad0-47a4-4d3e-ab77-ffe5c76932ba','finished',8,4,1771157544000,1771157648484,NULL,NULL,NULL,'progressed_reps',3,'ideal',NULL);
INSERT INTO workout_exercise VALUES('5496c982-d0de-4036-a781-5b4484ca78e2','486410d4-2d66-4903-a04c-73a74dc15016','5da44942-bc01-46ff-82b7-300fe401d783','finished',8,4,1771157544000,1771157651828,NULL,NULL,NULL,'progressed_reps',4,'ideal',NULL);
INSERT INTO workout_exercise VALUES('b909d2cd-048b-4116-b1a9-944001a8fa7e','c9550fa2-16ab-48f9-9b9d-09e806234abb','26a90782-edcf-42ec-af19-0b8415f5c9f8','testing',8,4,1771157651000,NULL,NULL,100.0,NULL,NULL,0,NULL,NULL);
INSERT INTO workout_exercise VALUES('77aa44e1-d53b-4237-9829-ef3e307812b8','c9550fa2-16ab-48f9-9b9d-09e806234abb','b48e67e3-8de9-4fbe-879f-0e875058113b','testing',8,2,1771157651000,NULL,NULL,120.0,NULL,NULL,1,NULL,NULL);
INSERT INTO workout_exercise VALUES('1f51c68c-2398-4366-bdc3-ed4344891af2','c9550fa2-16ab-48f9-9b9d-09e806234abb','12f810c0-9f61-4eae-aca0-7fab09edb0b1','testing',8,4,1771157651000,NULL,NULL,70.0,NULL,NULL,2,NULL,NULL);
INSERT INTO workout_exercise VALUES('b297177c-2038-4c91-bbff-2029dd2b7151','c9550fa2-16ab-48f9-9b9d-09e806234abb','b613025f-fcaa-4aef-96b8-3b62db1f7037','testing',8,2,1771157651000,NULL,NULL,72.0,NULL,NULL,3,NULL,NULL);
INSERT INTO workout_exercise VALUES('d66053ef-65ef-4d93-bed8-e24e7d65e23a','c9550fa2-16ab-48f9-9b9d-09e806234abb','0ee1b435-4527-4397-873a-e37a9de5fdcd','testing',8,3,1771157651000,NULL,NULL,32.0,NULL,NULL,4,NULL,NULL);
INSERT INTO workout_exercise VALUES('ef5f17e5-7863-4d40-af70-212da4baef9d','c9550fa2-16ab-48f9-9b9d-09e806234abb','72d721bb-6650-4939-9d9b-a04d5c0825aa','testing',8,3,1771157651000,NULL,NULL,40.0,NULL,NULL,5,NULL,NULL);
INSERT INTO workout_exercise VALUES('faf6ebae-407e-4a5f-8794-25a7cc8c0db9','c9550fa2-16ab-48f9-9b9d-09e806234abb','99385e35-acf7-479a-b711-1efef63e9864','testing',8,3,1771157651000,NULL,NULL,38.0,NULL,NULL,6,NULL,NULL);
INSERT INTO workout_exercise VALUES('2b5da155-299a-4646-8eee-8b077970230d','757047a0-b5f5-460d-9f08-1011ae4e74d3','2bb30c14-b2ac-41e7-82d5-cec31f6750e8','testing',8,4,1771157651000,NULL,NULL,100.0,NULL,NULL,0,NULL,NULL);
INSERT INTO workout_exercise VALUES('4c924f18-c286-4b4f-8e50-326f06224e2c','757047a0-b5f5-460d-9f08-1011ae4e74d3','ec66370f-06a8-4d8a-887d-3d2addf7f662','testing',8,2,1771157651000,NULL,NULL,66.0,NULL,NULL,1,NULL,NULL);
INSERT INTO workout_exercise VALUES('172ee13b-ca18-4e37-905e-bb928b815c33','757047a0-b5f5-460d-9f08-1011ae4e74d3','52b9afab-df7c-4739-ba89-dd1a4b19e899','testing',8,4,1771157651000,NULL,NULL,100.0,NULL,NULL,2,NULL,NULL);
INSERT INTO workout_exercise VALUES('f4036f0b-4a35-4ade-a33d-a983ae2a003a','757047a0-b5f5-460d-9f08-1011ae4e74d3','daa7b893-93fa-44f4-978e-6f44ce434087','testing',8,4,1771157651000,NULL,NULL,60.0,NULL,NULL,3,NULL,NULL);
INSERT INTO workout_exercise VALUES('a0b7eef3-6b86-4114-814c-fc029ba087ce','757047a0-b5f5-460d-9f08-1011ae4e74d3','ef52e5f7-ba8d-42bf-b772-c06b0ff3ce50','testing',8,4,1771157651000,NULL,NULL,14.0,NULL,NULL,4,NULL,NULL);
INSERT INTO workout_exercise VALUES('d118cb1e-b836-4e81-b93d-8a9d5c238e6e','2709c798-e5a3-4527-984a-35f1c1f3c85f','5c1fd719-a5de-43c4-887a-aa1325d2e46e','testing',8,4,1771157651000,NULL,NULL,45.0,NULL,NULL,0,NULL,NULL);
INSERT INTO workout_exercise VALUES('7ae0d1cc-8e5e-45ea-8ed1-fdd7cf27c43b','2709c798-e5a3-4527-984a-35f1c1f3c85f','f1824834-9351-435d-85f9-7db91666c9e4','testing',8,2,1771157651000,NULL,NULL,35.0,NULL,NULL,1,NULL,NULL);
INSERT INTO workout_exercise VALUES('5f13d96b-9130-4280-a8b4-29219de96532','2709c798-e5a3-4527-984a-35f1c1f3c85f','78709549-2550-4ca7-ad67-673777682d96','testing',8,4,1771157651000,NULL,NULL,56.0,NULL,NULL,2,NULL,NULL);
INSERT INTO workout_exercise VALUES('718d574b-c360-45dc-bfeb-09b5683a418f','2709c798-e5a3-4527-984a-35f1c1f3c85f','7227c8a2-89cd-46ec-a41a-23ec27cce126','testing',8,2,1771157651000,NULL,NULL,65.0,NULL,NULL,3,NULL,NULL);
INSERT INTO workout_exercise VALUES('b842afbf-f13f-4a62-903b-be7f6c3b4dbb','2709c798-e5a3-4527-984a-35f1c1f3c85f','ceeaf956-ef41-4b66-b1ad-27df4784c14d','testing',8,3,1771157651000,NULL,NULL,14.0,NULL,NULL,4,NULL,NULL);
INSERT INTO workout_exercise VALUES('235d0935-f80f-45f0-a78c-14b4944a3f1d','2709c798-e5a3-4527-984a-35f1c1f3c85f','cbc0db4b-a4b3-4db7-97dc-3d2959427db1','testing',8,3,1771157651000,NULL,NULL,80.0,NULL,NULL,5,NULL,NULL);
INSERT INTO workout_exercise VALUES('732c59f0-f8c9-4146-9eb1-2e3c23c6e55f','2709c798-e5a3-4527-984a-35f1c1f3c85f','fd4ce2f4-8f9e-4ddf-a4bd-3f06b1ed5945','testing',8,3,1771157651000,NULL,NULL,30.0,NULL,NULL,6,NULL,NULL);
INSERT INTO workout_exercise VALUES('b20d7f6b-0a09-4a7e-a0d0-babb52f7e842','bb25a4df-b32e-4731-b703-17784d6c05d2','413db5a0-47fb-48da-b9c3-d3267c427613','testing',8,4,1771157651000,NULL,NULL,260.0,NULL,NULL,0,NULL,NULL);
INSERT INTO workout_exercise VALUES('6ac02796-aa10-4098-92de-ef169c48cb85','bb25a4df-b32e-4731-b703-17784d6c05d2','6976de9f-8034-443e-8952-10e4590fd576','testing',8,2,1771157651000,NULL,NULL,100.0,NULL,NULL,1,NULL,NULL);
INSERT INTO workout_exercise VALUES('93d4ed00-3635-4659-9ad4-c9e06a0b64fd','bb25a4df-b32e-4731-b703-17784d6c05d2','6eaf5bd1-5b7b-469a-9705-b25dc40e36d6','testing',8,4,1771157651000,NULL,NULL,60.0,NULL,NULL,2,NULL,NULL);
INSERT INTO workout_exercise VALUES('e8e47d1e-404e-4080-b3e6-416b74a6437d','bb25a4df-b32e-4731-b703-17784d6c05d2','18f22ad0-47a4-4d3e-ab77-ffe5c76932ba','testing',8,4,1771157651000,NULL,NULL,110.0,NULL,NULL,3,NULL,NULL);
INSERT INTO workout_exercise VALUES('c32ff3d5-238d-4b74-87a7-d4aa7c734852','bb25a4df-b32e-4731-b703-17784d6c05d2','5da44942-bc01-46ff-82b7-300fe401d783','testing',8,4,1771157651000,NULL,NULL,12.0,NULL,NULL,4,NULL,NULL);
INSERT INTO workout_exercise_set VALUES('9c4ac888-6f16-4d38-bfed-253fd8645393','b2f3ee46-beb6-41ef-8538-06316a7fb296','failed',0,10,86.0,1771054614691,1771054614691);
INSERT INTO workout_exercise_set VALUES('3435650a-908f-460f-a801-304207a6e7e7','b2f3ee46-beb6-41ef-8538-06316a7fb296','failed',1,10,86.0,1771054614694,1771054614694);
INSERT INTO workout_exercise_set VALUES('faa24d75-d850-4573-9485-6f8bd8426cc5','b2f3ee46-beb6-41ef-8538-06316a7fb296','failed',2,10,86.0,1771054614695,1771054614695);
INSERT INTO workout_exercise_set VALUES('30a570a1-bede-4b3b-8ab8-2dc2db6216e0','b2f3ee46-beb6-41ef-8538-06316a7fb296','failed',3,10,86.0,1771054614696,1771054614696);
INSERT INTO workout_exercise_set VALUES('b1f93778-61c4-428d-8466-fcbc2197c724','47b35785-0f6f-499a-82e2-71c654d4818b','done',0,10,60.0,1771156783388,1771156783388);
INSERT INTO workout_exercise_set VALUES('8ba42428-38df-4c14-b3a7-2079d94ca898','47b35785-0f6f-499a-82e2-71c654d4818b','done',1,10,60.0,1771156783391,1771156783391);
INSERT INTO workout_exercise_set VALUES('15039b58-de59-4de7-8158-b8ce2f8b09f1','47b35785-0f6f-499a-82e2-71c654d4818b','done',2,10,60.0,1771156783392,1771156783392);
INSERT INTO workout_exercise_set VALUES('7697dcee-7b7e-4b16-beae-309171c512a6','47b35785-0f6f-499a-82e2-71c654d4818b','done',3,10,60.0,1771156783392,1771156783392);
INSERT INTO workout_exercise_set VALUES('5163ee73-ff7a-484d-abcb-2a4ddffe73d5','65871104-f9c9-4d7e-96bc-c871a8d0c353','done',0,10,101.0,1771156796705,1771156796705);
INSERT INTO workout_exercise_set VALUES('dfce7595-1b25-46fb-b96e-957791ab960b','65871104-f9c9-4d7e-96bc-c871a8d0c353','done',1,10,101.0,1771156796707,1771156796707);
INSERT INTO workout_exercise_set VALUES('90c4f95a-1c43-4424-a418-90043347fb4e','51f6cf95-239f-4765-a9d0-f396a99ed6e3','done',0,10,62.0,1771156808207,1771156808207);
INSERT INTO workout_exercise_set VALUES('38ce0590-9a23-4c3d-be96-ce6efc8881dd','51f6cf95-239f-4765-a9d0-f396a99ed6e3','done',1,10,62.0,1771156808208,1771156808208);
INSERT INTO workout_exercise_set VALUES('6461f580-3f1f-4a0d-a03f-166ea338d813','d00e7ab3-2078-4f74-b0fa-5c9f2dbcc3b2','done',0,10,27.0,1771156821777,1771156821777);
INSERT INTO workout_exercise_set VALUES('6d313eac-ed53-496e-869c-7c8ff9daaca1','d00e7ab3-2078-4f74-b0fa-5c9f2dbcc3b2','done',1,10,27.0,1771156821778,1771156821778);
INSERT INTO workout_exercise_set VALUES('12a8314f-08c2-4db0-a600-b1070da29760','d00e7ab3-2078-4f74-b0fa-5c9f2dbcc3b2','done',2,10,27.0,1771156821779,1771156821779);
INSERT INTO workout_exercise_set VALUES('96d83fc6-032b-4b3f-9815-15ffbc3837cc','57e503b3-d59a-4473-93dd-603aee6505d8','done',0,10,34.0,1771156831557,1771156831557);
INSERT INTO workout_exercise_set VALUES('11933000-fbb6-4e1e-a917-d18a5f73dba6','57e503b3-d59a-4473-93dd-603aee6505d8','done',1,10,34.0,1771156831558,1771156831558);
INSERT INTO workout_exercise_set VALUES('cd334d35-9b4d-43e5-a371-7c9b3b17e881','57e503b3-d59a-4473-93dd-603aee6505d8','done',2,10,34.0,1771156831559,1771156831559);
INSERT INTO workout_exercise_set VALUES('e96d4f7e-bf1d-440d-b7c4-72d59b661a3a','f2bc60c5-e95f-4a2d-adef-d2161b565848','done',0,10,32.0,1771156840884,1771156840884);
INSERT INTO workout_exercise_set VALUES('0262e1fd-cdf8-4858-923f-cee5506a08c3','f2bc60c5-e95f-4a2d-adef-d2161b565848','done',1,10,32.0,1771156840885,1771156840885);
INSERT INTO workout_exercise_set VALUES('90dee001-72f7-405c-ba79-3af181abf2a1','f2bc60c5-e95f-4a2d-adef-d2161b565848','done',2,10,32.0,1771156840887,1771156840887);
INSERT INTO workout_exercise_set VALUES('ce2dd021-0855-4823-af55-d14958b9ef21','cbefa136-8544-40b3-8fc2-18904be78ab7','done',0,10,86.0,1771156855969,1771156855969);
INSERT INTO workout_exercise_set VALUES('1a18a6e0-2f23-4450-a572-bd9f115e6512','cbefa136-8544-40b3-8fc2-18904be78ab7','done',1,10,86.0,1771156855970,1771156855970);
INSERT INTO workout_exercise_set VALUES('a8a9d8eb-86e3-4e15-9aeb-bc9005880772','cbefa136-8544-40b3-8fc2-18904be78ab7','done',2,10,86.0,1771156855971,1771156855971);
INSERT INTO workout_exercise_set VALUES('c9c33e31-74f5-4571-b4a6-ef3baa658654','cbefa136-8544-40b3-8fc2-18904be78ab7','done',3,10,86.0,1771156855972,1771156855972);
INSERT INTO workout_exercise_set VALUES('ff238289-7291-4e0d-9d23-c18e1a027741','64d730fb-1481-4e2e-a389-e0c0f93505ce','done',0,10,57.0,1771156868143,1771156868143);
INSERT INTO workout_exercise_set VALUES('d41813a0-e11c-4dc7-99fb-22e9379973ba','64d730fb-1481-4e2e-a389-e0c0f93505ce','done',1,10,57.0,1771156868144,1771156868144);
INSERT INTO workout_exercise_set VALUES('9bcb9b72-0688-44cd-a7ae-af00f0ef63b4','c101a813-f84b-4dda-a5d2-2e00b9b33bf0','done',0,10,86.0,1771156878440,1771156878440);
INSERT INTO workout_exercise_set VALUES('8126e915-5691-46e9-89c3-e63982cacb2d','c101a813-f84b-4dda-a5d2-2e00b9b33bf0','done',1,10,86.0,1771156878441,1771156878441);
INSERT INTO workout_exercise_set VALUES('63ff2fc2-4434-4897-9b6f-e899818d37b4','c101a813-f84b-4dda-a5d2-2e00b9b33bf0','done',2,10,86.0,1771156878442,1771156878442);
INSERT INTO workout_exercise_set VALUES('050caeb0-09b4-4767-8b04-05a81b430d28','c101a813-f84b-4dda-a5d2-2e00b9b33bf0','done',3,10,86.0,1771156878443,1771156878443);
INSERT INTO workout_exercise_set VALUES('f9729c95-e915-4adf-ae08-3f9733a6fb28','011e0a77-1e6b-4eca-8fa7-7d45f3f516cc','done',0,10,48.0,1771156891902,1771156891902);
INSERT INTO workout_exercise_set VALUES('177dbe45-10f5-4d85-9238-38ee33958d73','011e0a77-1e6b-4eca-8fa7-7d45f3f516cc','done',1,10,48.0,1771156891903,1771156891903);
INSERT INTO workout_exercise_set VALUES('d36269e1-fbe2-4c9f-82b3-15e4363f2fb1','011e0a77-1e6b-4eca-8fa7-7d45f3f516cc','done',2,10,48.0,1771156891904,1771156891904);
INSERT INTO workout_exercise_set VALUES('a0b00ae2-ac0a-4ae6-8438-f62596867e11','011e0a77-1e6b-4eca-8fa7-7d45f3f516cc','done',3,10,48.0,1771156891905,1771156891905);
INSERT INTO workout_exercise_set VALUES('11df8f7c-9e7a-4d44-8d44-b11c937d4749','8ba5ec3f-cf0f-4b81-9803-54fd98cb1f4a','done',0,10,13.0,1771156909142,1771156909142);
INSERT INTO workout_exercise_set VALUES('1c810a63-f15d-45c5-bae2-65d8b493cc71','8ba5ec3f-cf0f-4b81-9803-54fd98cb1f4a','done',1,10,13.0,1771156909144,1771156909144);
INSERT INTO workout_exercise_set VALUES('ab878c0a-8672-4820-be17-6273e380ea81','8ba5ec3f-cf0f-4b81-9803-54fd98cb1f4a','done',2,10,13.0,1771156909145,1771156909145);
INSERT INTO workout_exercise_set VALUES('37de627b-bab8-478e-b805-c78775570b76','8ba5ec3f-cf0f-4b81-9803-54fd98cb1f4a','done',3,10,13.0,1771156909145,1771156909145);
INSERT INTO workout_exercise_set VALUES('b6c6f9ed-c36b-4fe5-b837-897713463a7d','d94d7846-3318-4a80-941f-15f3e03e76a4','done',0,10,38.0,1771156926707,1771156926707);
INSERT INTO workout_exercise_set VALUES('ac8b0b66-f6e9-4651-b2f4-8e3f4307ee85','d94d7846-3318-4a80-941f-15f3e03e76a4','done',1,10,38.0,1771156926708,1771156926708);
INSERT INTO workout_exercise_set VALUES('5ceb2d4c-9988-47a4-bb4e-af3d7dc6552b','d94d7846-3318-4a80-941f-15f3e03e76a4','done',2,10,38.0,1771156926710,1771156926710);
INSERT INTO workout_exercise_set VALUES('05100a31-1e7e-4dee-b314-001f0bf7a662','d94d7846-3318-4a80-941f-15f3e03e76a4','done',3,10,38.0,1771156926711,1771156926711);
INSERT INTO workout_exercise_set VALUES('133cd299-2c10-4048-87b6-c7bb33cc2c0f','ca03c623-6aec-48af-ad21-c58409bfad1e','done',0,10,30.0,1771156939310,1771156939310);
INSERT INTO workout_exercise_set VALUES('6bed23ca-0f76-4a31-b8da-bbbf3798d3a8','ca03c623-6aec-48af-ad21-c58409bfad1e','done',1,10,30.0,1771156939311,1771156939311);
INSERT INTO workout_exercise_set VALUES('6b27be96-b84e-4389-bf32-0c8277e5b774','cfd151d0-02be-43db-8871-535e9ee319ee','done',0,10,52.0,1771156951288,1771156951288);
INSERT INTO workout_exercise_set VALUES('7430f227-b4bf-4584-8da2-a931b227ded9','cfd151d0-02be-43db-8871-535e9ee319ee','done',1,10,52.0,1771156951289,1771156951289);
INSERT INTO workout_exercise_set VALUES('525bfa8f-a95c-42e0-b00a-657ab51e18ea','cfd151d0-02be-43db-8871-535e9ee319ee','done',2,10,52.0,1771156951290,1771156951290);
INSERT INTO workout_exercise_set VALUES('90d5d5f6-3c57-455d-ad0e-6361705967f2','cfd151d0-02be-43db-8871-535e9ee319ee','done',3,10,52.0,1771156951291,1771156951291);
INSERT INTO workout_exercise_set VALUES('4acf72cb-b301-43c1-bbcd-7bc3a6fa1670','1c8d755d-b1d5-4358-8cc9-1938cf132884','done',0,10,56.0,1771156964190,1771156964190);
INSERT INTO workout_exercise_set VALUES('5b80d8fc-214c-43d7-b99e-935da846341a','1c8d755d-b1d5-4358-8cc9-1938cf132884','done',1,10,56.0,1771156964191,1771156964191);
INSERT INTO workout_exercise_set VALUES('1676916d-06c5-4152-ade4-dce90da51af5','38af83ca-f615-4142-ad22-dcb5e8176178','done',0,10,12.0,1771156971973,1771156971973);
INSERT INTO workout_exercise_set VALUES('ca1cf32d-458a-4a6a-b3e0-a993f1dc5377','38af83ca-f615-4142-ad22-dcb5e8176178','done',1,10,12.0,1771156971974,1771156971974);
INSERT INTO workout_exercise_set VALUES('47137ccb-a3bb-4bc8-b6d7-1c32c505dcbc','38af83ca-f615-4142-ad22-dcb5e8176178','done',2,10,12.0,1771156971975,1771156971975);
INSERT INTO workout_exercise_set VALUES('22e8a5e1-8eb7-4e16-a728-1e74dffed595','3b928203-c6c8-4d0a-9e57-e9be2d5b137a','done',0,10,69.0,1771156979723,1771156979723);
INSERT INTO workout_exercise_set VALUES('8ff8e5db-0247-4890-81da-a7c569a99890','3b928203-c6c8-4d0a-9e57-e9be2d5b137a','done',1,10,69.0,1771156979725,1771156979725);
INSERT INTO workout_exercise_set VALUES('5bb18932-079a-49a1-83f9-353a2e566cd5','3b928203-c6c8-4d0a-9e57-e9be2d5b137a','done',2,10,69.0,1771156979726,1771156979726);
INSERT INTO workout_exercise_set VALUES('c91ca107-17cd-4018-b4f8-3d071bf275ed','8f05cd8a-28a3-42a7-b9e4-5db6d18525c7','done',0,10,24.0,1771156998261,1771156998261);
INSERT INTO workout_exercise_set VALUES('d2d8b645-1000-45f7-9c92-5c964069cf2f','8f05cd8a-28a3-42a7-b9e4-5db6d18525c7','done',1,10,24.0,1771156998262,1771156998262);
INSERT INTO workout_exercise_set VALUES('2864b717-8ec3-48a1-9674-ecc4b4d38fac','8f05cd8a-28a3-42a7-b9e4-5db6d18525c7','done',2,10,24.0,1771156998263,1771156998263);
INSERT INTO workout_exercise_set VALUES('8d484c90-a425-4bc7-818c-bcb1bde21303','f34827ba-db09-482d-baf1-f5562fe18496','done',0,10,224.0,1771157008444,1771157008444);
INSERT INTO workout_exercise_set VALUES('a660fde4-6556-4864-a709-f4722b9da18c','f34827ba-db09-482d-baf1-f5562fe18496','done',1,10,224.0,1771157008445,1771157008445);
INSERT INTO workout_exercise_set VALUES('058b75ad-1d3b-43ba-ba72-de98b9821da8','f34827ba-db09-482d-baf1-f5562fe18496','done',2,10,224.0,1771157008446,1771157008446);
INSERT INTO workout_exercise_set VALUES('4e009f9a-fddd-4190-a1f5-f73473291196','f34827ba-db09-482d-baf1-f5562fe18496','done',3,10,224.0,1771157008447,1771157008447);
INSERT INTO workout_exercise_set VALUES('d096944a-ba93-443d-96a5-15af12052108','233fa456-a04e-4dc3-a7bb-6a55b3e4945c','done',0,10,80.0,1771157019782,1771157019782);
INSERT INTO workout_exercise_set VALUES('fc0217b2-0950-4636-a66e-34ed73797679','233fa456-a04e-4dc3-a7bb-6a55b3e4945c','done',1,10,80.0,1771157019784,1771157019784);
INSERT INTO workout_exercise_set VALUES('99b80b5e-d511-4bbc-9b21-d5bba4cfe302','15d3eb81-d59a-496f-8959-9e84397e560e','done',0,10,50.0,1771157033209,1771157033209);
INSERT INTO workout_exercise_set VALUES('87e46548-14c4-4f75-8fa6-eb71b9781599','15d3eb81-d59a-496f-8959-9e84397e560e','done',1,10,50.0,1771157033210,1771157033210);
INSERT INTO workout_exercise_set VALUES('24ace6f5-b192-42c4-b7d5-9950b1a4895d','15d3eb81-d59a-496f-8959-9e84397e560e','done',2,10,50.0,1771157033211,1771157033211);
INSERT INTO workout_exercise_set VALUES('e2db45b1-4312-4a3e-9612-9af0a9a16c45','15d3eb81-d59a-496f-8959-9e84397e560e','done',3,10,50.0,1771157033212,1771157033212);
INSERT INTO workout_exercise_set VALUES('ec362f7e-c185-46d3-99ad-c05f93066070','c94895ad-3212-4f8c-82fc-e1bd56e7b975','done',0,10,95.0,1771157043524,1771157043524);
INSERT INTO workout_exercise_set VALUES('a37e6da0-cfea-4be9-b5b6-b80ea78d38f2','c94895ad-3212-4f8c-82fc-e1bd56e7b975','done',1,10,95.0,1771157043525,1771157043525);
INSERT INTO workout_exercise_set VALUES('ad9e3b48-62e1-48e4-805c-a40017c94b05','c94895ad-3212-4f8c-82fc-e1bd56e7b975','done',2,10,95.0,1771157043526,1771157043526);
INSERT INTO workout_exercise_set VALUES('16566a68-6339-4087-bcf8-0076dddd1076','c94895ad-3212-4f8c-82fc-e1bd56e7b975','done',3,10,95.0,1771157043526,1771157043526);
INSERT INTO workout_exercise_set VALUES('c3066ff2-fa2e-4d11-af7a-83bc5f3f6696','4c41b1fa-8987-4de6-8323-1f0a2e93873a','done',0,10,10.0,1771157056148,1771157056148);
INSERT INTO workout_exercise_set VALUES('725da730-bbf5-4fbb-80cc-2f04dc06bc4b','4c41b1fa-8987-4de6-8323-1f0a2e93873a','done',1,10,10.0,1771157056149,1771157056149);
INSERT INTO workout_exercise_set VALUES('0d93363f-7d4b-48e7-a23b-d9ab8702453b','4c41b1fa-8987-4de6-8323-1f0a2e93873a','done',2,10,10.0,1771157056150,1771157056150);
INSERT INTO workout_exercise_set VALUES('53e29a82-3749-4a12-9a62-dc4d70c30b1f','4c41b1fa-8987-4de6-8323-1f0a2e93873a','done',3,10,10.0,1771157056151,1771157056151);
INSERT INTO workout_exercise_set VALUES('f0636c21-a2f2-432c-957d-9d8498b06b9d','4c561d80-515b-45ed-857e-3fab90e88841','done',0,8,86.0,1771157059008,1771157059008);
INSERT INTO workout_exercise_set VALUES('b4ceda65-2630-4bdf-af7b-7a1fd2b0961c','4c561d80-515b-45ed-857e-3fab90e88841','done',1,8,86.0,1771157059010,1771157059010);
INSERT INTO workout_exercise_set VALUES('8bec9592-f57e-4d7b-9b83-d8c67f0ad00a','4c561d80-515b-45ed-857e-3fab90e88841','done',2,8,86.0,1771157059011,1771157059011);
INSERT INTO workout_exercise_set VALUES('24b356ad-8897-4d4f-a573-629826b60448','4c561d80-515b-45ed-857e-3fab90e88841','done',3,8,86.0,1771157059012,1771157059012);
INSERT INTO workout_exercise_set VALUES('55001298-e0c2-4065-80f3-ed7d8cd871db','31c7b13b-4df4-4862-866c-6547622d3d43','done',0,8,106.0,1771157059015,1771157059015);
INSERT INTO workout_exercise_set VALUES('88ed4a59-ce05-49dd-9b0f-08caa6bcdb98','31c7b13b-4df4-4862-866c-6547622d3d43','done',1,8,106.0,1771157059016,1771157059016);
INSERT INTO workout_exercise_set VALUES('0fc9242b-c1d4-4c45-a84a-0306d0ebd468','70bf42b0-7bfa-4932-837c-8bb75a041f0e','done',0,8,60.0,1771157059018,1771157059018);
INSERT INTO workout_exercise_set VALUES('390201cd-1356-439b-bf93-6826aed49fc9','70bf42b0-7bfa-4932-837c-8bb75a041f0e','done',1,8,60.0,1771157059019,1771157059019);
INSERT INTO workout_exercise_set VALUES('09267a82-2bc1-4f17-bec7-4128f318a11b','70bf42b0-7bfa-4932-837c-8bb75a041f0e','done',2,8,60.0,1771157059020,1771157059020);
INSERT INTO workout_exercise_set VALUES('bdd95f40-1a37-4d6a-ac4c-f9a47c1f1f71','70bf42b0-7bfa-4932-837c-8bb75a041f0e','done',3,8,60.0,1771157059020,1771157059020);
INSERT INTO workout_exercise_set VALUES('56c241fa-04d2-4684-947d-8a9361a7f696','bcaf4056-3098-47c8-b61d-53aa9c929716','done',0,8,62.0,1771157059023,1771157059023);
INSERT INTO workout_exercise_set VALUES('e12fef57-6f4f-497d-8a72-4a81e216ef9e','bcaf4056-3098-47c8-b61d-53aa9c929716','done',1,8,62.0,1771157059023,1771157059023);
INSERT INTO workout_exercise_set VALUES('969ca966-3c63-4131-a6e2-71d7c60d97a1','8bc9acb5-5f5e-427c-a9d7-aa0dfacfdf5b','done',0,8,29.0,1771157059025,1771157059025);
INSERT INTO workout_exercise_set VALUES('ac7e593c-35d2-4f47-ae5e-6fc183e1f7b3','8bc9acb5-5f5e-427c-a9d7-aa0dfacfdf5b','done',1,8,29.0,1771157059026,1771157059026);
INSERT INTO workout_exercise_set VALUES('bd6ad6bf-3bdf-48c2-8cc5-cbbfa96a0e9c','8bc9acb5-5f5e-427c-a9d7-aa0dfacfdf5b','done',2,8,29.0,1771157059027,1771157059027);
INSERT INTO workout_exercise_set VALUES('08b9faa4-01de-4b63-b710-47f5c8548354','d0bb55cb-cbd4-4fbe-bbc3-97ee43fc4fdf','done',0,8,34.0,1771157059029,1771157059029);
INSERT INTO workout_exercise_set VALUES('2f169e8e-6965-4ecc-8a65-a5df8af588af','d0bb55cb-cbd4-4fbe-bbc3-97ee43fc4fdf','done',1,8,34.0,1771157059029,1771157059029);
INSERT INTO workout_exercise_set VALUES('ca535268-d97a-4479-8676-d36377c2afe9','d0bb55cb-cbd4-4fbe-bbc3-97ee43fc4fdf','done',2,8,34.0,1771157059030,1771157059030);
INSERT INTO workout_exercise_set VALUES('e2f1e3bb-8f07-4410-a888-13aba803c152','28b11dba-815e-4d95-b41a-1eda178a3196','done',0,8,32.0,1771157059032,1771157059032);
INSERT INTO workout_exercise_set VALUES('7294375a-da0d-471f-a467-e121c24bf016','28b11dba-815e-4d95-b41a-1eda178a3196','done',1,8,32.0,1771157059033,1771157059033);
INSERT INTO workout_exercise_set VALUES('a3b9e28b-ff3f-42e7-89a3-3a6bfeb237e2','28b11dba-815e-4d95-b41a-1eda178a3196','done',2,8,32.0,1771157059033,1771157059033);
INSERT INTO workout_exercise_set VALUES('890b38d1-b00e-4da6-a831-cfcb17fe2d2e','daef6ee2-8efd-4aa1-b9de-dfab28c9fd1a','done',0,8,86.0,1771157059036,1771157059036);
INSERT INTO workout_exercise_set VALUES('86447443-04a6-4394-aab8-fa2104957254','daef6ee2-8efd-4aa1-b9de-dfab28c9fd1a','done',1,8,86.0,1771157059037,1771157059037);
INSERT INTO workout_exercise_set VALUES('2720a969-d47b-4e25-b950-232bee2952ca','daef6ee2-8efd-4aa1-b9de-dfab28c9fd1a','done',2,8,86.0,1771157059037,1771157059037);
INSERT INTO workout_exercise_set VALUES('54ce3e89-cf61-419c-9315-5dbf95533a41','daef6ee2-8efd-4aa1-b9de-dfab28c9fd1a','done',3,8,86.0,1771157059038,1771157059038);
INSERT INTO workout_exercise_set VALUES('dba6a9d7-5800-42b5-8cd4-8f5be1ae7654','d30f0a1f-1b6a-4b9d-82f7-9baeb30eab0f','done',0,8,60.0,1771157059040,1771157059040);
INSERT INTO workout_exercise_set VALUES('58574177-448f-49c1-865b-6ea6f6ca8319','d30f0a1f-1b6a-4b9d-82f7-9baeb30eab0f','done',1,8,60.0,1771157059041,1771157059041);
INSERT INTO workout_exercise_set VALUES('6a14b8a3-10e2-42c9-b28c-b2c495dd77f6','4607741d-9e55-4440-8e90-3adba79688cd','done',0,8,86.0,1771157059042,1771157059042);
INSERT INTO workout_exercise_set VALUES('f8a0ff96-c4ea-4fcd-8d7a-04dd3aec6f54','4607741d-9e55-4440-8e90-3adba79688cd','done',1,8,86.0,1771157059043,1771157059043);
INSERT INTO workout_exercise_set VALUES('4e82a2fa-6124-46e5-b7ef-fb5533a5b20c','4607741d-9e55-4440-8e90-3adba79688cd','done',2,8,86.0,1771157059044,1771157059044);
INSERT INTO workout_exercise_set VALUES('d9eefb20-c14d-4285-990e-3d18a7800ad7','4607741d-9e55-4440-8e90-3adba79688cd','done',3,8,86.0,1771157059045,1771157059045);
INSERT INTO workout_exercise_set VALUES('b9224c6a-0b20-441c-9387-76fc8e400adc','22b00c7e-5dbc-4851-a479-3d102a2ec2ae','done',0,8,50.0,1771157059047,1771157059047);
INSERT INTO workout_exercise_set VALUES('3cf02885-5eeb-4b69-af6e-1cfeb5264dd5','22b00c7e-5dbc-4851-a479-3d102a2ec2ae','done',1,8,50.0,1771157059047,1771157059047);
INSERT INTO workout_exercise_set VALUES('21e6a290-f058-4a3a-9649-9c3785ac0cd3','22b00c7e-5dbc-4851-a479-3d102a2ec2ae','done',2,8,50.0,1771157059048,1771157059048);
INSERT INTO workout_exercise_set VALUES('9293770b-1efd-4866-b1ee-c7f8d6ddcbc9','22b00c7e-5dbc-4851-a479-3d102a2ec2ae','done',3,8,50.0,1771157059049,1771157059049);
INSERT INTO workout_exercise_set VALUES('8e477faa-a0b5-413d-8a16-2753eca22bf2','cbda0f9a-030d-458b-ae13-caf1901c0b0a','done',0,8,13.0,1771157059051,1771157059051);
INSERT INTO workout_exercise_set VALUES('2ae115f9-aaea-4ae7-bf54-b993fd9c918a','cbda0f9a-030d-458b-ae13-caf1901c0b0a','done',1,8,13.0,1771157059052,1771157059052);
INSERT INTO workout_exercise_set VALUES('97eaeaa0-2066-4265-a91c-fb3594d4c22a','cbda0f9a-030d-458b-ae13-caf1901c0b0a','done',2,8,13.0,1771157059052,1771157059052);
INSERT INTO workout_exercise_set VALUES('d4821b90-c3e0-4adb-8acf-8d79b5105add','cbda0f9a-030d-458b-ae13-caf1901c0b0a','done',3,8,13.0,1771157059053,1771157059053);
INSERT INTO workout_exercise_set VALUES('cfeb7edf-ab2c-4be5-9292-3b1f584004df','9b3727e9-89a0-4d6b-becf-31981e1fb3a9','done',0,8,38.0,1771157059057,1771157059057);
INSERT INTO workout_exercise_set VALUES('63aea6cb-11ad-4414-aef5-96fddd1b22c5','9b3727e9-89a0-4d6b-becf-31981e1fb3a9','done',1,8,38.0,1771157059058,1771157059058);
INSERT INTO workout_exercise_set VALUES('b78a06bb-0db4-4e92-a8d4-eda57a523f03','9b3727e9-89a0-4d6b-becf-31981e1fb3a9','done',2,8,38.0,1771157059058,1771157059058);
INSERT INTO workout_exercise_set VALUES('cbc48f81-ef17-4a7b-bf76-889e41adaa1a','9b3727e9-89a0-4d6b-becf-31981e1fb3a9','done',3,8,38.0,1771157059059,1771157059059);
INSERT INTO workout_exercise_set VALUES('39e5b9c5-6e09-436f-83d6-84eaf40d4b47','967ef64a-8308-4b8d-985a-527aa1e6c013','done',0,8,30.0,1771157059061,1771157059061);
INSERT INTO workout_exercise_set VALUES('7f85feb9-914b-49af-98d8-d4a35db7df9e','967ef64a-8308-4b8d-985a-527aa1e6c013','done',1,8,30.0,1771157059062,1771157059062);
INSERT INTO workout_exercise_set VALUES('df81e7e0-6840-41d4-89b9-25d206fc67ac','680351a5-9e7f-457f-875a-e9e473651c9d','done',0,8,52.0,1771157059064,1771157059064);
INSERT INTO workout_exercise_set VALUES('7882b355-4fd0-49aa-b123-2e510ad89131','680351a5-9e7f-457f-875a-e9e473651c9d','done',1,8,52.0,1771157059065,1771157059065);
INSERT INTO workout_exercise_set VALUES('ce0a9661-1d31-4058-a07e-ab4f65b08192','680351a5-9e7f-457f-875a-e9e473651c9d','done',2,8,52.0,1771157059066,1771157059066);
INSERT INTO workout_exercise_set VALUES('5bcbb8fa-2743-4d99-82b7-228bf89edb76','680351a5-9e7f-457f-875a-e9e473651c9d','done',3,8,52.0,1771157059067,1771157059067);
INSERT INTO workout_exercise_set VALUES('b3080b33-4c36-4793-b06a-3e6851aaaac9','6f36ef91-bbcc-4d86-a8c6-bda288e05a86','done',0,8,56.0,1771157059068,1771157059068);
INSERT INTO workout_exercise_set VALUES('c62b0700-d450-41a3-b562-1907cead7523','6f36ef91-bbcc-4d86-a8c6-bda288e05a86','done',1,8,56.0,1771157059069,1771157059069);
INSERT INTO workout_exercise_set VALUES('522e9e26-d889-4112-b71d-7cbdffb03754','33f5146a-cabc-4812-94a4-f210d94b4625','done',0,8,12.0,1771157059071,1771157059071);
INSERT INTO workout_exercise_set VALUES('0438811d-8bbb-486a-ab75-eb9cdf800301','33f5146a-cabc-4812-94a4-f210d94b4625','done',1,8,12.0,1771157059071,1771157059071);
INSERT INTO workout_exercise_set VALUES('6590c429-9291-4689-9e7f-b3fc72cf9d22','33f5146a-cabc-4812-94a4-f210d94b4625','done',2,8,12.0,1771157059072,1771157059072);
INSERT INTO workout_exercise_set VALUES('7e423615-520b-4bf3-ad94-fb5e08e52ef4','3ea37de7-796e-4d24-9690-b224cc0958b8','done',0,8,69.0,1771157059074,1771157059074);
INSERT INTO workout_exercise_set VALUES('9e7d2d5e-03ad-4cb7-b847-6b83db9e2060','3ea37de7-796e-4d24-9690-b224cc0958b8','done',1,8,69.0,1771157059075,1771157059075);
INSERT INTO workout_exercise_set VALUES('7b9cfe60-2ea8-40a6-af97-e125addd504f','3ea37de7-796e-4d24-9690-b224cc0958b8','done',2,8,69.0,1771157059075,1771157059075);
INSERT INTO workout_exercise_set VALUES('4f361a27-df90-47c4-9176-55bcdc101a49','4c1dac74-4f85-483d-94c8-06d240181656','done',0,8,25.0,1771157059077,1771157059077);
INSERT INTO workout_exercise_set VALUES('acefa2da-2c05-430f-b2d3-7d58abf10ddb','4c1dac74-4f85-483d-94c8-06d240181656','done',1,8,25.0,1771157059078,1771157059078);
INSERT INTO workout_exercise_set VALUES('f55df961-f589-4163-947e-7b6309746def','4c1dac74-4f85-483d-94c8-06d240181656','done',2,8,25.0,1771157059079,1771157059079);
INSERT INTO workout_exercise_set VALUES('32630c38-0f4b-49d8-b0cb-fbff53b3ba73','f9c2380d-8e92-49d5-ad5e-ae96b599e83d','done',0,8,224.0,1771157059082,1771157059082);
INSERT INTO workout_exercise_set VALUES('b890d5f9-f48b-4fbf-bfb6-f3b87ea81ba4','f9c2380d-8e92-49d5-ad5e-ae96b599e83d','done',1,8,224.0,1771157059082,1771157059082);
INSERT INTO workout_exercise_set VALUES('c990421e-249d-452c-99a4-7f401ca8b643','f9c2380d-8e92-49d5-ad5e-ae96b599e83d','done',2,8,224.0,1771157059083,1771157059083);
INSERT INTO workout_exercise_set VALUES('6a8a4f2f-521a-4a65-8627-d4cb5df4bf04','f9c2380d-8e92-49d5-ad5e-ae96b599e83d','done',3,8,224.0,1771157059084,1771157059084);
INSERT INTO workout_exercise_set VALUES('c0c54038-f25a-499f-89a3-375f2efb4ff6','551be5d3-ead9-4c48-aab5-6d7b5b353edc','done',0,8,84.0,1771157059086,1771157059086);
INSERT INTO workout_exercise_set VALUES('35bb92ac-1882-43a0-9a27-cc563f11e033','551be5d3-ead9-4c48-aab5-6d7b5b353edc','done',1,8,84.0,1771157059087,1771157059087);
INSERT INTO workout_exercise_set VALUES('18a118ff-d20e-456a-af90-0f830151e09f','e4fbbd10-4cfc-44bc-ae6d-71c17cab2f55','done',0,8,53.0,1771157059088,1771157059088);
INSERT INTO workout_exercise_set VALUES('84afb5f0-b11d-425a-8f1c-af67f1e95857','e4fbbd10-4cfc-44bc-ae6d-71c17cab2f55','done',1,8,53.0,1771157059089,1771157059089);
INSERT INTO workout_exercise_set VALUES('71b045aa-7a09-47e9-90ca-70ada1616989','e4fbbd10-4cfc-44bc-ae6d-71c17cab2f55','done',2,8,53.0,1771157059090,1771157059090);
INSERT INTO workout_exercise_set VALUES('aef7da7c-e412-4b0c-a5e0-cf02a475d0c5','e4fbbd10-4cfc-44bc-ae6d-71c17cab2f55','done',3,8,53.0,1771157059091,1771157059091);
INSERT INTO workout_exercise_set VALUES('17eea876-8805-4906-ba87-9a79209cf117','b223244f-7714-4d8a-98d0-6cd6aa842cf5','done',0,8,95.0,1771157059092,1771157059092);
INSERT INTO workout_exercise_set VALUES('28a9bcda-2900-4166-abfa-0f5993db06e2','b223244f-7714-4d8a-98d0-6cd6aa842cf5','done',1,8,95.0,1771157059093,1771157059093);
INSERT INTO workout_exercise_set VALUES('b0ca33a4-f20b-4bdb-a99d-eeed6c4f8fe3','b223244f-7714-4d8a-98d0-6cd6aa842cf5','done',2,8,95.0,1771157059094,1771157059094);
INSERT INTO workout_exercise_set VALUES('9d0b19e9-9863-4804-9f51-6bea776b4240','b223244f-7714-4d8a-98d0-6cd6aa842cf5','done',3,8,95.0,1771157059095,1771157059095);
INSERT INTO workout_exercise_set VALUES('1bc4e459-a47c-40f1-843a-465692a198d4','39bc8fc2-859f-4a80-adfd-26f5f55c33e4','done',0,8,10.0,1771157059096,1771157059096);
INSERT INTO workout_exercise_set VALUES('9c79400a-e049-4e4c-abad-ef0571bffcaa','39bc8fc2-859f-4a80-adfd-26f5f55c33e4','done',1,8,10.0,1771157059097,1771157059097);
INSERT INTO workout_exercise_set VALUES('ee5662be-f104-4dcc-841b-fae44e78788a','39bc8fc2-859f-4a80-adfd-26f5f55c33e4','done',2,8,10.0,1771157059098,1771157059098);
INSERT INTO workout_exercise_set VALUES('6df7b76c-8318-4caa-8fdf-02f6ba3ac536','39bc8fc2-859f-4a80-adfd-26f5f55c33e4','done',3,8,10.0,1771157059099,1771157059099);
INSERT INTO workout_exercise_set VALUES('8ef7c614-1649-457e-92a2-c12b82944dff','9e4af205-c220-41a4-86b5-8313181dc15e','done',0,9,86.0,1771157208996,1771157208996);
INSERT INTO workout_exercise_set VALUES('212c63c5-ffec-451e-bc1b-3cef53fd9f43','9e4af205-c220-41a4-86b5-8313181dc15e','done',1,9,86.0,1771157208997,1771157208997);
INSERT INTO workout_exercise_set VALUES('06c44d36-3b1e-4517-91af-22555a995122','9e4af205-c220-41a4-86b5-8313181dc15e','done',2,9,86.0,1771157208998,1771157208998);
INSERT INTO workout_exercise_set VALUES('8721392e-52c7-4f87-9d70-f99b912e0398','9e4af205-c220-41a4-86b5-8313181dc15e','done',3,9,86.0,1771157208999,1771157208999);
INSERT INTO workout_exercise_set VALUES('276ec80a-8210-4ee5-b6cd-2a5b3fca6099','31ced13b-d19e-46c4-bad0-9d3f8f7e795e','done',0,9,106.0,1771157209000,1771157209000);
INSERT INTO workout_exercise_set VALUES('451e2b8f-bacd-4d3a-a569-c4a035f7f9aa','31ced13b-d19e-46c4-bad0-9d3f8f7e795e','done',1,9,106.0,1771157209001,1771157209001);
INSERT INTO workout_exercise_set VALUES('b64b9239-5450-416b-8834-13cf89ee2e7d','1defea2b-38ba-461c-b71b-72820a5a5551','done',0,9,60.0,1771157209003,1771157209003);
INSERT INTO workout_exercise_set VALUES('ae18e93a-7fc0-4692-b5d2-072b7e5f9ad5','1defea2b-38ba-461c-b71b-72820a5a5551','done',1,9,60.0,1771157209004,1771157209004);
INSERT INTO workout_exercise_set VALUES('9bb0c9a0-8b7d-4cd6-9023-0b16b49b7f60','1defea2b-38ba-461c-b71b-72820a5a5551','done',2,9,60.0,1771157209005,1771157209005);
INSERT INTO workout_exercise_set VALUES('a36c518b-49df-44c4-8bf8-df17e9271564','1defea2b-38ba-461c-b71b-72820a5a5551','done',3,9,60.0,1771157209006,1771157209006);
INSERT INTO workout_exercise_set VALUES('3768db1b-5c32-4604-b098-1c5577a0e83e','f8300a2d-ebdd-4413-b114-16f979bf5e5b','done',0,9,62.0,1771157209008,1771157209008);
INSERT INTO workout_exercise_set VALUES('c03833f6-e5bc-4055-83c7-bfc43e98a7e7','f8300a2d-ebdd-4413-b114-16f979bf5e5b','done',1,9,62.0,1771157209008,1771157209008);
INSERT INTO workout_exercise_set VALUES('191d39a2-9c40-400e-8192-44750607ada9','30590a8d-7c03-486e-874a-e601d40200f8','done',0,9,29.0,1771157209010,1771157209010);
INSERT INTO workout_exercise_set VALUES('c8c5abe5-a7db-4029-b557-dc002093f819','30590a8d-7c03-486e-874a-e601d40200f8','done',1,9,29.0,1771157209011,1771157209011);
INSERT INTO workout_exercise_set VALUES('2d99b857-6768-4e16-9cc1-b06a60a266ea','30590a8d-7c03-486e-874a-e601d40200f8','done',2,9,29.0,1771157209012,1771157209012);
INSERT INTO workout_exercise_set VALUES('0ec185fb-13c5-4639-aeec-31b1b0422326','c0a0dcee-27e9-400a-82d7-9b742f587337','done',0,9,34.0,1771157209015,1771157209015);
INSERT INTO workout_exercise_set VALUES('2edc187f-d9f8-472e-989e-5d786a12451d','c0a0dcee-27e9-400a-82d7-9b742f587337','done',1,9,34.0,1771157209015,1771157209015);
INSERT INTO workout_exercise_set VALUES('8a7c5b35-6e55-4a54-a4aa-254a890ba5cf','c0a0dcee-27e9-400a-82d7-9b742f587337','done',2,9,34.0,1771157209016,1771157209016);
INSERT INTO workout_exercise_set VALUES('981a4775-826a-447e-95b3-ed843a1cb466','96d2403a-ef0c-4ce8-8ff9-d818bc210099','done',0,9,32.0,1771157209018,1771157209018);
INSERT INTO workout_exercise_set VALUES('b8c1fe7a-612d-4772-a096-59e1c911a855','96d2403a-ef0c-4ce8-8ff9-d818bc210099','done',1,9,32.0,1771157209019,1771157209019);
INSERT INTO workout_exercise_set VALUES('17367896-e3d7-4246-970a-d1933b00da3f','96d2403a-ef0c-4ce8-8ff9-d818bc210099','done',2,9,32.0,1771157209020,1771157209020);
INSERT INTO workout_exercise_set VALUES('209a33ca-e82d-421e-84af-f6670337a4d9','11641c7c-88cd-4587-b9e1-893186c2f765','done',0,9,86.0,1771157209022,1771157209022);
INSERT INTO workout_exercise_set VALUES('05cb47cf-3352-4e89-9d22-217a12a86edb','11641c7c-88cd-4587-b9e1-893186c2f765','done',1,9,86.0,1771157209023,1771157209023);
INSERT INTO workout_exercise_set VALUES('7b20703e-95bf-4bb8-adf8-437a15f7619d','11641c7c-88cd-4587-b9e1-893186c2f765','done',2,9,86.0,1771157209024,1771157209024);
INSERT INTO workout_exercise_set VALUES('66aada41-ee9c-48c0-acf6-a27648ff9dbc','11641c7c-88cd-4587-b9e1-893186c2f765','done',3,9,86.0,1771157209024,1771157209024);
INSERT INTO workout_exercise_set VALUES('19146bcc-0056-4b0a-b17f-57bd99d24a50','056ae70a-7c80-4e34-96a4-f9a5d0dc84bc','done',0,9,60.0,1771157209026,1771157209026);
INSERT INTO workout_exercise_set VALUES('77d20fba-211b-467f-963f-f46316583718','056ae70a-7c80-4e34-96a4-f9a5d0dc84bc','done',1,9,60.0,1771157209027,1771157209027);
INSERT INTO workout_exercise_set VALUES('c7485192-99af-4394-9bda-f76532cc30ba','e154deec-43d1-4889-ab15-e02e38190150','done',0,9,86.0,1771157209029,1771157209029);
INSERT INTO workout_exercise_set VALUES('9efd163d-d16a-4acb-9631-fcc2d6d0f9a1','e154deec-43d1-4889-ab15-e02e38190150','done',1,9,86.0,1771157209030,1771157209030);
INSERT INTO workout_exercise_set VALUES('65edaf69-b644-4d5a-931a-c4f7963f575d','e154deec-43d1-4889-ab15-e02e38190150','done',2,9,86.0,1771157209030,1771157209030);
INSERT INTO workout_exercise_set VALUES('bba4124c-2c3f-4b40-a23e-380a6fc92ad4','e154deec-43d1-4889-ab15-e02e38190150','done',3,9,86.0,1771157209031,1771157209031);
INSERT INTO workout_exercise_set VALUES('20b5921b-c9ba-4fdf-8580-fb58b741beb4','1c446766-bfc8-4731-9de7-872f15f3e5b9','done',0,9,50.0,1771157209033,1771157209033);
INSERT INTO workout_exercise_set VALUES('3d0cfc56-6620-4b63-b39b-cc55233cecbc','1c446766-bfc8-4731-9de7-872f15f3e5b9','done',1,9,50.0,1771157209034,1771157209034);
INSERT INTO workout_exercise_set VALUES('18bd2cd9-2f33-4702-b2b0-7a6a52931243','1c446766-bfc8-4731-9de7-872f15f3e5b9','done',2,9,50.0,1771157209035,1771157209035);
INSERT INTO workout_exercise_set VALUES('b970c968-699d-4e80-86eb-0076430cc27a','1c446766-bfc8-4731-9de7-872f15f3e5b9','done',3,9,50.0,1771157209036,1771157209036);
INSERT INTO workout_exercise_set VALUES('90c086bc-34e4-41c2-9b83-744dac745545','e69cd1ac-715d-4ef0-bc8a-d1cb0886a1df','done',0,9,13.0,1771157209037,1771157209037);
INSERT INTO workout_exercise_set VALUES('e7ca7c45-d0a5-4ddd-bb6c-a4ff6284b0ae','e69cd1ac-715d-4ef0-bc8a-d1cb0886a1df','done',1,9,13.0,1771157209038,1771157209038);
INSERT INTO workout_exercise_set VALUES('9d66f102-2900-4e43-a633-5a5ec6f6d4b4','e69cd1ac-715d-4ef0-bc8a-d1cb0886a1df','done',2,9,13.0,1771157209039,1771157209039);
INSERT INTO workout_exercise_set VALUES('37f6da19-2e53-4ec7-b25b-6eac99ddae04','e69cd1ac-715d-4ef0-bc8a-d1cb0886a1df','done',3,9,13.0,1771157209040,1771157209040);
INSERT INTO workout_exercise_set VALUES('993ce180-97ec-4009-a3fa-fb6717e97abc','d7da3aa3-aa1c-4b97-89cd-a870975b41af','done',0,9,38.0,1771157209042,1771157209042);
INSERT INTO workout_exercise_set VALUES('92c305c3-a67a-4ffc-b42e-b96b68e83879','d7da3aa3-aa1c-4b97-89cd-a870975b41af','done',1,9,38.0,1771157209043,1771157209043);
INSERT INTO workout_exercise_set VALUES('a0e3d4d2-b50d-460b-be2a-78f7fb7df2bb','d7da3aa3-aa1c-4b97-89cd-a870975b41af','done',2,9,38.0,1771157209043,1771157209043);
INSERT INTO workout_exercise_set VALUES('1dd5ffba-c9ad-4129-9b2a-751048bbdfa1','d7da3aa3-aa1c-4b97-89cd-a870975b41af','done',3,9,38.0,1771157209044,1771157209044);
INSERT INTO workout_exercise_set VALUES('9640985e-a3e9-4177-b186-7618c53b1272','5a189878-4e65-415c-ad51-c10de30d8456','done',0,9,30.0,1771157209046,1771157209046);
INSERT INTO workout_exercise_set VALUES('7bf13bdd-5844-403d-9dac-4657d656c9dd','5a189878-4e65-415c-ad51-c10de30d8456','done',1,9,30.0,1771157209047,1771157209047);
INSERT INTO workout_exercise_set VALUES('30c6f04c-990d-442f-a640-1626cf83d439','d99a38f8-8280-4856-b2e6-1862e1ce6696','done',0,9,52.0,1771157209048,1771157209048);
INSERT INTO workout_exercise_set VALUES('ad1b7c1e-a9df-406a-a961-8b6ffffd2857','d99a38f8-8280-4856-b2e6-1862e1ce6696','done',1,9,52.0,1771157209049,1771157209049);
INSERT INTO workout_exercise_set VALUES('90037fe9-a0fa-4f21-85cc-ac1a8e5c66d7','d99a38f8-8280-4856-b2e6-1862e1ce6696','done',2,9,52.0,1771157209050,1771157209050);
INSERT INTO workout_exercise_set VALUES('4daff6b8-9542-451d-aef9-c4e2b059a407','d99a38f8-8280-4856-b2e6-1862e1ce6696','done',3,9,52.0,1771157209051,1771157209051);
INSERT INTO workout_exercise_set VALUES('3335df45-6a3f-4566-b510-226968519f88','37f33045-91cc-4133-a5ef-c24f50221e6c','done',0,9,56.0,1771157209053,1771157209053);
INSERT INTO workout_exercise_set VALUES('26020892-1d05-48fe-b692-41cbb4445bb4','37f33045-91cc-4133-a5ef-c24f50221e6c','done',1,9,56.0,1771157209054,1771157209054);
INSERT INTO workout_exercise_set VALUES('abdfa6a7-267f-4001-af83-690cd80da625','a726bf40-f94f-4421-ba73-5aabf7437fc6','done',0,9,12.0,1771157209055,1771157209055);
INSERT INTO workout_exercise_set VALUES('10ac321b-f310-4feb-928f-8d0ead6e49ac','a726bf40-f94f-4421-ba73-5aabf7437fc6','done',1,9,12.0,1771157209056,1771157209056);
INSERT INTO workout_exercise_set VALUES('c0da9c8f-974f-4b52-a749-24d762bc92fb','a726bf40-f94f-4421-ba73-5aabf7437fc6','done',2,9,12.0,1771157209057,1771157209057);
INSERT INTO workout_exercise_set VALUES('77b369a0-6f62-4e4d-bae5-1a8ec898d902','808d7288-f10f-4dcb-9d94-d997e00b8264','done',0,9,69.0,1771157209059,1771157209059);
INSERT INTO workout_exercise_set VALUES('2c3c1a84-1910-4eb1-9f58-f217f9cb61f6','808d7288-f10f-4dcb-9d94-d997e00b8264','done',1,9,69.0,1771157209060,1771157209060);
INSERT INTO workout_exercise_set VALUES('52bc11fc-e2e9-4f04-bd2f-f5bc646bebc4','808d7288-f10f-4dcb-9d94-d997e00b8264','done',2,9,69.0,1771157209061,1771157209061);
INSERT INTO workout_exercise_set VALUES('ccbb6346-088a-4672-a4d5-02acb20f436a','71ed5c64-01d8-4885-85f1-4531e7fe233c','done',0,9,25.0,1771157209063,1771157209063);
INSERT INTO workout_exercise_set VALUES('2708b75c-1b71-4ab5-8607-8889ec075932','71ed5c64-01d8-4885-85f1-4531e7fe233c','done',1,9,25.0,1771157209064,1771157209064);
INSERT INTO workout_exercise_set VALUES('0d6a92d0-7cc4-47ca-890c-8ebea308bc12','71ed5c64-01d8-4885-85f1-4531e7fe233c','done',2,9,25.0,1771157209065,1771157209065);
INSERT INTO workout_exercise_set VALUES('075e97c7-293e-4000-af34-9d0308f9de4c','3ec31dfd-2b75-443f-bc99-3c9599ad547a','done',0,9,224.0,1771157209067,1771157209067);
INSERT INTO workout_exercise_set VALUES('7eb99787-9f58-482a-842e-c654766c78c8','3ec31dfd-2b75-443f-bc99-3c9599ad547a','done',1,9,224.0,1771157209068,1771157209068);
INSERT INTO workout_exercise_set VALUES('3caacf88-0156-4196-8ad9-cb784eb54746','3ec31dfd-2b75-443f-bc99-3c9599ad547a','done',2,9,224.0,1771157209069,1771157209069);
INSERT INTO workout_exercise_set VALUES('5a6f1541-7c6c-47f8-8a53-f49d12d94c7c','3ec31dfd-2b75-443f-bc99-3c9599ad547a','done',3,9,224.0,1771157209070,1771157209070);
INSERT INTO workout_exercise_set VALUES('4697cbb0-d8a4-4c0a-9d9b-714f8eca0988','1a38209c-1141-48dd-b93f-27c6a9e88bf6','done',0,9,84.0,1771157209071,1771157209071);
INSERT INTO workout_exercise_set VALUES('cf022a02-3b71-43d8-bf51-a2ca544fb31c','1a38209c-1141-48dd-b93f-27c6a9e88bf6','done',1,9,84.0,1771157209072,1771157209072);
INSERT INTO workout_exercise_set VALUES('09df3d2b-ea59-4b69-97d7-cfc4ba8cdf6b','b98e477f-ee13-4e99-857b-c7e19f980af5','done',0,9,53.0,1771157209074,1771157209074);
INSERT INTO workout_exercise_set VALUES('247a1b1f-0a62-4036-a976-4569c4c6f589','b98e477f-ee13-4e99-857b-c7e19f980af5','done',1,9,53.0,1771157209075,1771157209075);
INSERT INTO workout_exercise_set VALUES('7727dec9-c1e0-42e6-8d55-087c0bf90178','b98e477f-ee13-4e99-857b-c7e19f980af5','done',2,9,53.0,1771157209076,1771157209076);
INSERT INTO workout_exercise_set VALUES('a2b08671-ba1e-444f-bc71-ea59102e9a62','b98e477f-ee13-4e99-857b-c7e19f980af5','done',3,9,53.0,1771157209077,1771157209077);
INSERT INTO workout_exercise_set VALUES('4f4007bb-e569-456a-ba4d-a0e479cef8f0','1efc4928-927c-4bf5-9efe-2d6c030e8890','done',0,9,95.0,1771157209078,1771157209078);
INSERT INTO workout_exercise_set VALUES('dae4ec27-2ac1-4320-8ec5-828a5cbcd8fa','1efc4928-927c-4bf5-9efe-2d6c030e8890','done',1,9,95.0,1771157209079,1771157209079);
INSERT INTO workout_exercise_set VALUES('8c6dd33c-895d-4f07-b255-1c11f9816456','1efc4928-927c-4bf5-9efe-2d6c030e8890','done',2,9,95.0,1771157209080,1771157209080);
INSERT INTO workout_exercise_set VALUES('d88a7fc7-168f-4364-b124-a451826b5aee','1efc4928-927c-4bf5-9efe-2d6c030e8890','done',3,9,95.0,1771157209081,1771157209081);
INSERT INTO workout_exercise_set VALUES('de858985-34e6-4d58-93bf-dde730b0563b','5ae46107-d9ed-4502-af7c-cf5b1edd340e','done',0,9,10.0,1771157209082,1771157209082);
INSERT INTO workout_exercise_set VALUES('8dea91fc-3dde-4bb4-8aec-73b481958ae5','5ae46107-d9ed-4502-af7c-cf5b1edd340e','done',1,9,10.0,1771157209083,1771157209083);
INSERT INTO workout_exercise_set VALUES('30538861-11fb-4409-b256-e5bdcd838617','5ae46107-d9ed-4502-af7c-cf5b1edd340e','done',2,9,10.0,1771157209084,1771157209084);
INSERT INTO workout_exercise_set VALUES('dc43ff40-241c-4b4b-a832-1393b02488a6','5ae46107-d9ed-4502-af7c-cf5b1edd340e','done',3,9,10.0,1771157209085,1771157209085);
INSERT INTO workout_exercise_set VALUES('fecb45a8-1d74-4ac1-aec1-f1a633bd3dd2','2fe2458f-5297-4ba1-ba90-6543bca4d5f9','done',0,10,86.0,1771157280628,1771157280628);
INSERT INTO workout_exercise_set VALUES('53338030-6523-4de3-97d6-dd96ddd9a044','2fe2458f-5297-4ba1-ba90-6543bca4d5f9','done',1,10,86.0,1771157280629,1771157280629);
INSERT INTO workout_exercise_set VALUES('e7263639-aa0c-414f-b5a6-d237bc083024','2fe2458f-5297-4ba1-ba90-6543bca4d5f9','done',2,10,86.0,1771157280629,1771157280629);
INSERT INTO workout_exercise_set VALUES('72e3a533-1a0d-4dea-ae1f-e9070f8e45bb','2fe2458f-5297-4ba1-ba90-6543bca4d5f9','done',3,10,86.0,1771157280630,1771157280630);
INSERT INTO workout_exercise_set VALUES('a23c04e6-d742-46fe-8d50-77248b838f22','f6febe65-9406-4ee7-a00c-abd48836f94b','done',0,10,106.0,1771157280632,1771157280632);
INSERT INTO workout_exercise_set VALUES('7f842921-b004-4564-b263-d2f7c792d700','f6febe65-9406-4ee7-a00c-abd48836f94b','done',1,10,106.0,1771157280633,1771157280633);
INSERT INTO workout_exercise_set VALUES('3184065f-87e9-4a69-a2fe-8b55e59748b9','1768a9f1-11da-41fa-8f98-58d985714290','done',0,10,60.0,1771157280635,1771157280635);
INSERT INTO workout_exercise_set VALUES('80b6aad8-3f53-49f9-b1d6-17acabce9e39','1768a9f1-11da-41fa-8f98-58d985714290','done',1,10,60.0,1771157280636,1771157280636);
INSERT INTO workout_exercise_set VALUES('d4496307-9b47-4d3c-9d57-5cd394572f13','1768a9f1-11da-41fa-8f98-58d985714290','done',2,10,60.0,1771157280637,1771157280637);
INSERT INTO workout_exercise_set VALUES('c8cce0a2-2ac9-435c-9a19-87f21e8fafa5','1768a9f1-11da-41fa-8f98-58d985714290','done',3,10,60.0,1771157280637,1771157280637);
INSERT INTO workout_exercise_set VALUES('3aab54ef-8f5c-4195-8373-677e25cf8077','b1157b9e-a2cf-4655-9271-d8cf3d7b3681','done',0,10,62.0,1771157280639,1771157280639);
INSERT INTO workout_exercise_set VALUES('14892a10-7233-4ceb-b017-41e26552713b','b1157b9e-a2cf-4655-9271-d8cf3d7b3681','done',1,10,62.0,1771157280640,1771157280640);
INSERT INTO workout_exercise_set VALUES('be9fe35e-316e-459b-945a-93f8c2bf0886','1a315db2-9046-4057-8259-2ab1940d1f52','done',0,10,29.0,1771157280641,1771157280641);
INSERT INTO workout_exercise_set VALUES('2b00eb0e-02ca-4af1-a464-f865b5085ad5','1a315db2-9046-4057-8259-2ab1940d1f52','done',1,10,29.0,1771157280642,1771157280642);
INSERT INTO workout_exercise_set VALUES('d6fdb56c-7855-4ee6-8635-378779436ff0','1a315db2-9046-4057-8259-2ab1940d1f52','done',2,10,29.0,1771157280643,1771157280643);
INSERT INTO workout_exercise_set VALUES('0d33cd4c-dcaa-4ec1-82d6-45edac88ab9b','11adbbf3-a2fb-4392-a363-77e2d92d4ca8','done',0,10,34.0,1771157280645,1771157280645);
INSERT INTO workout_exercise_set VALUES('54bebe96-2dfc-401f-ac9a-2619258f72dc','11adbbf3-a2fb-4392-a363-77e2d92d4ca8','done',1,10,34.0,1771157280645,1771157280645);
INSERT INTO workout_exercise_set VALUES('13440b32-60b4-4a8c-b638-987dc7a4fcdb','11adbbf3-a2fb-4392-a363-77e2d92d4ca8','done',2,10,34.0,1771157280646,1771157280646);
INSERT INTO workout_exercise_set VALUES('41612ae0-fe81-463a-97d3-5fd2c1c484b8','99be3a3e-bcdf-4e94-98af-78db3c134104','done',0,10,32.0,1771157280648,1771157280648);
INSERT INTO workout_exercise_set VALUES('7331c331-2fbf-497b-82c4-fcef93a2e481','99be3a3e-bcdf-4e94-98af-78db3c134104','done',1,10,32.0,1771157280648,1771157280648);
INSERT INTO workout_exercise_set VALUES('f1e54d62-f69c-4279-ad7d-92587715e76e','99be3a3e-bcdf-4e94-98af-78db3c134104','done',2,10,32.0,1771157280649,1771157280649);
INSERT INTO workout_exercise_set VALUES('66d46ed4-13b6-4fee-a3c8-bafcb52e37ee','594dc217-ffbe-4bc0-924d-27c8e069dd43','done',0,10,86.0,1771157280652,1771157280652);
INSERT INTO workout_exercise_set VALUES('2e094fec-6de4-4884-9db3-79adb94baf99','594dc217-ffbe-4bc0-924d-27c8e069dd43','done',1,10,86.0,1771157280653,1771157280653);
INSERT INTO workout_exercise_set VALUES('8e4a01f4-1992-45f3-aed5-1cb7349b0487','594dc217-ffbe-4bc0-924d-27c8e069dd43','done',2,10,86.0,1771157280654,1771157280654);
INSERT INTO workout_exercise_set VALUES('8c553918-9ce7-48e8-a6ef-28db091822b6','594dc217-ffbe-4bc0-924d-27c8e069dd43','done',3,10,86.0,1771157280654,1771157280654);
INSERT INTO workout_exercise_set VALUES('550e5e32-a0b0-4581-99d2-8fafa1e96b61','bc9f96a2-921c-4db8-97b6-44eb70bcbf50','done',0,10,60.0,1771157280656,1771157280656);
INSERT INTO workout_exercise_set VALUES('d19c50a2-4fd0-4a9f-8eed-aa225725621d','bc9f96a2-921c-4db8-97b6-44eb70bcbf50','done',1,10,60.0,1771157280657,1771157280657);
INSERT INTO workout_exercise_set VALUES('1d665909-393e-47b4-b65a-5a3310711f75','7c53639b-33cf-47eb-8278-0274f2e0758f','done',0,10,86.0,1771157280658,1771157280658);
INSERT INTO workout_exercise_set VALUES('5017ef52-1e9e-4daf-a4ed-f509fd97c767','7c53639b-33cf-47eb-8278-0274f2e0758f','done',1,10,86.0,1771157280659,1771157280659);
INSERT INTO workout_exercise_set VALUES('60333456-db7a-4473-aae7-e0de163d0811','7c53639b-33cf-47eb-8278-0274f2e0758f','done',2,10,86.0,1771157280660,1771157280660);
INSERT INTO workout_exercise_set VALUES('365c1851-e106-46f4-9239-7a8085f2ed0b','7c53639b-33cf-47eb-8278-0274f2e0758f','done',3,10,86.0,1771157280661,1771157280661);
INSERT INTO workout_exercise_set VALUES('5bf47ec5-22e2-4d01-8b2b-4a78293c764e','3a24adfe-22ba-4480-8a1c-8c211363ff8e','done',0,10,50.0,1771157280662,1771157280662);
INSERT INTO workout_exercise_set VALUES('fecbe5fd-156a-4f94-9864-75298a6e54fe','3a24adfe-22ba-4480-8a1c-8c211363ff8e','done',1,10,50.0,1771157280663,1771157280663);
INSERT INTO workout_exercise_set VALUES('89c95778-618c-4264-af16-c9909a5cd5cd','3a24adfe-22ba-4480-8a1c-8c211363ff8e','done',2,10,50.0,1771157280664,1771157280664);
INSERT INTO workout_exercise_set VALUES('9f4987c6-1cb6-4360-bda1-734ff6128050','3a24adfe-22ba-4480-8a1c-8c211363ff8e','done',3,10,50.0,1771157280665,1771157280665);
INSERT INTO workout_exercise_set VALUES('0c0514e8-1b80-4639-8dd3-7d47936e6596','c204dbd5-f22f-46c8-8132-d02a04584fec','done',0,10,13.0,1771157280666,1771157280666);
INSERT INTO workout_exercise_set VALUES('9c95cb37-b119-400a-88d8-77e89514e2d6','c204dbd5-f22f-46c8-8132-d02a04584fec','done',1,10,13.0,1771157280667,1771157280667);
INSERT INTO workout_exercise_set VALUES('50b96324-88ca-41c1-9aa8-ce4879527805','c204dbd5-f22f-46c8-8132-d02a04584fec','done',2,10,13.0,1771157280668,1771157280668);
INSERT INTO workout_exercise_set VALUES('ede03e31-ec78-4c3e-b6db-ace22f47112f','c204dbd5-f22f-46c8-8132-d02a04584fec','done',3,10,13.0,1771157280668,1771157280668);
INSERT INTO workout_exercise_set VALUES('f0a643f2-bc7d-4e69-b4af-c06f7940cdbe','2ea9e24e-b0a8-4d46-b34f-3528388da921','done',0,10,38.0,1771157280671,1771157280671);
INSERT INTO workout_exercise_set VALUES('f202a964-9d36-43f8-ac90-7943cc71097c','2ea9e24e-b0a8-4d46-b34f-3528388da921','done',1,10,38.0,1771157280671,1771157280671);
INSERT INTO workout_exercise_set VALUES('b386eaba-be3f-4fac-a83e-2ba3b810665e','2ea9e24e-b0a8-4d46-b34f-3528388da921','done',2,10,38.0,1771157280672,1771157280672);
INSERT INTO workout_exercise_set VALUES('1a8242db-02fe-4d8d-ba6f-55c4ba95b310','2ea9e24e-b0a8-4d46-b34f-3528388da921','done',3,10,38.0,1771157280673,1771157280673);
INSERT INTO workout_exercise_set VALUES('ddad6606-1ad4-473e-b16b-6b12e58cebfd','a95ec3a7-d505-4667-ac84-3032816dd61a','done',0,10,30.0,1771157280675,1771157280675);
INSERT INTO workout_exercise_set VALUES('02c53cb3-f391-42f1-af52-cea1b1ac47f8','a95ec3a7-d505-4667-ac84-3032816dd61a','done',1,10,30.0,1771157280675,1771157280675);
INSERT INTO workout_exercise_set VALUES('7837d6fa-c22d-4a57-8342-4c8d12577d0d','1c3e8aa0-a7a4-41fa-aeab-d50b2070e99c','done',0,10,52.0,1771157280678,1771157280678);
INSERT INTO workout_exercise_set VALUES('7dacc848-098c-4dd4-a2cc-3d00af29759e','1c3e8aa0-a7a4-41fa-aeab-d50b2070e99c','done',1,10,52.0,1771157280678,1771157280678);
INSERT INTO workout_exercise_set VALUES('7c37a2d5-5475-422e-9ab2-9cd29c4bbbea','1c3e8aa0-a7a4-41fa-aeab-d50b2070e99c','done',2,10,52.0,1771157280679,1771157280679);
INSERT INTO workout_exercise_set VALUES('fde7c5db-0452-4a69-af31-65ecc5e13837','1c3e8aa0-a7a4-41fa-aeab-d50b2070e99c','done',3,10,52.0,1771157280680,1771157280680);
INSERT INTO workout_exercise_set VALUES('8725c643-8e0d-4881-b9ad-29938343fa34','d1b95fe4-6ce9-46fd-9869-580394eb8202','done',0,10,56.0,1771157280682,1771157280682);
INSERT INTO workout_exercise_set VALUES('c65e7a3c-71b4-44bf-9b81-3c65842953f5','d1b95fe4-6ce9-46fd-9869-580394eb8202','done',1,10,56.0,1771157280683,1771157280683);
INSERT INTO workout_exercise_set VALUES('6e7f6637-177f-49a4-b27a-64b121c90982','27a5656c-1be3-4fe6-bd92-0d8a380380f3','done',0,10,12.0,1771157280685,1771157280685);
INSERT INTO workout_exercise_set VALUES('b4c9617d-417a-4e1f-814d-6f7fcbe6ad03','27a5656c-1be3-4fe6-bd92-0d8a380380f3','done',1,10,12.0,1771157280685,1771157280685);
INSERT INTO workout_exercise_set VALUES('ed884417-676d-4fdc-9228-2d271803a58c','27a5656c-1be3-4fe6-bd92-0d8a380380f3','done',2,10,12.0,1771157280686,1771157280686);
INSERT INTO workout_exercise_set VALUES('31df190a-9634-4197-90ae-93dd2dca4205','d7fcbe1f-6c1b-4b65-bf44-98c54b1e200d','done',0,10,69.0,1771157280688,1771157280688);
INSERT INTO workout_exercise_set VALUES('2a1f2448-26b0-4b94-9d27-8899c88a95cd','d7fcbe1f-6c1b-4b65-bf44-98c54b1e200d','done',1,10,69.0,1771157280688,1771157280688);
INSERT INTO workout_exercise_set VALUES('1103e96a-9469-49bd-90ba-2b7f2277c576','d7fcbe1f-6c1b-4b65-bf44-98c54b1e200d','done',2,10,69.0,1771157280689,1771157280689);
INSERT INTO workout_exercise_set VALUES('f643cd5f-0852-4a48-aaf7-4efe38528680','39977738-6538-46fe-8c7b-20e490cab1e6','done',0,10,25.0,1771157280691,1771157280691);
INSERT INTO workout_exercise_set VALUES('24ecf470-aade-4bb0-a235-ca80e291a09d','39977738-6538-46fe-8c7b-20e490cab1e6','done',1,10,25.0,1771157280691,1771157280691);
INSERT INTO workout_exercise_set VALUES('2d086e64-af69-4ac1-a21a-ac47ff65514f','39977738-6538-46fe-8c7b-20e490cab1e6','done',2,10,25.0,1771157280692,1771157280692);
INSERT INTO workout_exercise_set VALUES('52699d47-ddd4-4d48-a5b8-0de9b31c5cd6','e4610dc9-45c9-486c-a127-62c956f7ddbf','done',0,10,224.0,1771157280694,1771157280694);
INSERT INTO workout_exercise_set VALUES('8faa7738-ca24-4e2c-819b-c56124208030','e4610dc9-45c9-486c-a127-62c956f7ddbf','done',1,10,224.0,1771157280695,1771157280695);
INSERT INTO workout_exercise_set VALUES('93fd74eb-da95-493c-a7cb-3de454a191c4','e4610dc9-45c9-486c-a127-62c956f7ddbf','done',2,10,224.0,1771157280696,1771157280696);
INSERT INTO workout_exercise_set VALUES('d7569060-93d7-482e-b194-15f9321dc8e3','e4610dc9-45c9-486c-a127-62c956f7ddbf','done',3,10,224.0,1771157280697,1771157280697);
INSERT INTO workout_exercise_set VALUES('fa6664ac-6dca-49f9-ae00-e37eb2099b7b','619c2a9b-8f5e-4a1c-9bba-315a48acb290','done',0,10,84.0,1771157280699,1771157280699);
INSERT INTO workout_exercise_set VALUES('69625961-0749-4dcc-a707-590767394a38','619c2a9b-8f5e-4a1c-9bba-315a48acb290','done',1,10,84.0,1771157280699,1771157280699);
INSERT INTO workout_exercise_set VALUES('3564bddc-960a-49c4-a0d5-2a301615fa1f','696ce912-0f41-42f1-acf1-626f54437b70','done',0,10,53.0,1771157280701,1771157280701);
INSERT INTO workout_exercise_set VALUES('73d781c5-bc96-491e-9c1b-f9fa541dd8ea','696ce912-0f41-42f1-acf1-626f54437b70','done',1,10,53.0,1771157280702,1771157280702);
INSERT INTO workout_exercise_set VALUES('0f9b152a-14eb-499e-8f94-dbd052e89e7c','696ce912-0f41-42f1-acf1-626f54437b70','done',2,10,53.0,1771157280703,1771157280703);
INSERT INTO workout_exercise_set VALUES('8e3c8121-5920-44b0-84ae-5725d5032e92','696ce912-0f41-42f1-acf1-626f54437b70','done',3,10,53.0,1771157280704,1771157280704);
INSERT INTO workout_exercise_set VALUES('17c95fa7-f683-42c2-9ea4-2c9d66ac0474','a5ce6ef8-dd8d-4b1c-bead-9524ed1444e7','done',0,10,95.0,1771157280705,1771157280705);
INSERT INTO workout_exercise_set VALUES('342a7468-5396-4eea-ab99-f5ab8b16c658','a5ce6ef8-dd8d-4b1c-bead-9524ed1444e7','done',1,10,95.0,1771157280706,1771157280706);
INSERT INTO workout_exercise_set VALUES('f3ea38da-6d4b-4d1d-9d61-a5045de241fc','a5ce6ef8-dd8d-4b1c-bead-9524ed1444e7','done',2,10,95.0,1771157280707,1771157280707);
INSERT INTO workout_exercise_set VALUES('86c7906a-eb00-493d-a678-82cc45001fdb','a5ce6ef8-dd8d-4b1c-bead-9524ed1444e7','done',3,10,95.0,1771157280708,1771157280708);
INSERT INTO workout_exercise_set VALUES('384269c4-aca1-4f72-91c8-a7aeeb0ef711','0306cc84-9e2d-4e71-a9a7-49a4a0a58542','done',0,10,10.0,1771157280710,1771157280710);
INSERT INTO workout_exercise_set VALUES('1ea9512c-5207-46ab-9268-b18c04a1d589','0306cc84-9e2d-4e71-a9a7-49a4a0a58542','done',1,10,10.0,1771157280711,1771157280711);
INSERT INTO workout_exercise_set VALUES('e6ae1320-2583-4201-9a2f-e899058cfe90','0306cc84-9e2d-4e71-a9a7-49a4a0a58542','done',2,10,10.0,1771157280711,1771157280711);
INSERT INTO workout_exercise_set VALUES('a3505d32-895f-428b-a8db-c56d5e0430f5','0306cc84-9e2d-4e71-a9a7-49a4a0a58542','done',3,10,10.0,1771157280712,1771157280712);
INSERT INTO workout_exercise_set VALUES('b47def12-ca00-41cf-96b4-dd917df301fe','5293d281-e492-4f2d-8794-e3ba4c5d0a74','done',0,11,86.0,1771157353166,1771157353166);
INSERT INTO workout_exercise_set VALUES('14c899aa-4f17-488a-8c32-ae6b62667b97','5293d281-e492-4f2d-8794-e3ba4c5d0a74','done',1,11,86.0,1771157353166,1771157353166);
INSERT INTO workout_exercise_set VALUES('bc795ad1-6af5-4e82-9fe8-7112efa1c92b','5293d281-e492-4f2d-8794-e3ba4c5d0a74','done',2,11,86.0,1771157353167,1771157353167);
INSERT INTO workout_exercise_set VALUES('01b80f45-c611-4c3f-980a-4ccf96d3047d','5293d281-e492-4f2d-8794-e3ba4c5d0a74','done',3,11,86.0,1771157353168,1771157353168);
INSERT INTO workout_exercise_set VALUES('c3cc020f-a405-406a-865a-1497dde567d1','7571f646-b1d1-4d1e-b2ec-217cd4c06786','done',0,11,106.0,1771157353170,1771157353170);
INSERT INTO workout_exercise_set VALUES('4a240ac5-1815-4a5f-a77a-16170d15f7eb','7571f646-b1d1-4d1e-b2ec-217cd4c06786','done',1,11,106.0,1771157353171,1771157353171);
INSERT INTO workout_exercise_set VALUES('b25cb4b4-82ea-4ea7-8cb9-256909662cad','e9ccdd06-ac30-48f4-b805-180bc854e6d9','done',0,11,60.0,1771157353173,1771157353173);
INSERT INTO workout_exercise_set VALUES('af76717a-a7b2-4838-8dc5-4ba280eb3129','e9ccdd06-ac30-48f4-b805-180bc854e6d9','done',1,11,60.0,1771157353173,1771157353173);
INSERT INTO workout_exercise_set VALUES('6d5e07d3-c707-4a82-9663-1f89c6123b61','e9ccdd06-ac30-48f4-b805-180bc854e6d9','done',2,11,60.0,1771157353174,1771157353174);
INSERT INTO workout_exercise_set VALUES('da138346-88fa-442a-afc6-8cfc27f678d4','e9ccdd06-ac30-48f4-b805-180bc854e6d9','done',3,11,60.0,1771157353175,1771157353175);
INSERT INTO workout_exercise_set VALUES('5c713450-113e-4554-a1f5-907a6a157125','42bdf6c7-d7b3-4be2-a847-ed6fee3b0084','done',0,11,62.0,1771157353177,1771157353177);
INSERT INTO workout_exercise_set VALUES('ad8354fa-3352-4ffa-9c91-0ae85ac7c5f2','42bdf6c7-d7b3-4be2-a847-ed6fee3b0084','done',1,11,62.0,1771157353178,1771157353178);
INSERT INTO workout_exercise_set VALUES('db30bdaa-365b-43c7-a5eb-62e2b4722df9','c4b66eaa-406a-42cd-ad1b-2a517e03facb','done',0,11,29.0,1771157353179,1771157353179);
INSERT INTO workout_exercise_set VALUES('5a869f97-17e5-433f-bfde-c7972b123dde','c4b66eaa-406a-42cd-ad1b-2a517e03facb','done',1,11,29.0,1771157353180,1771157353180);
INSERT INTO workout_exercise_set VALUES('5071b146-92df-4636-9640-0b144af77f23','c4b66eaa-406a-42cd-ad1b-2a517e03facb','done',2,11,29.0,1771157353181,1771157353181);
INSERT INTO workout_exercise_set VALUES('539f8cab-184f-49f9-aaeb-ea858e38dada','6aeda706-a96b-433c-a83e-055c8cea42f7','done',0,11,34.0,1771157353183,1771157353183);
INSERT INTO workout_exercise_set VALUES('3ebffbc8-cb12-434a-99a6-e8c7dff94ecf','6aeda706-a96b-433c-a83e-055c8cea42f7','done',1,11,34.0,1771157353184,1771157353184);
INSERT INTO workout_exercise_set VALUES('185aa2ba-3e7d-4cd3-8d8e-96828a853edd','6aeda706-a96b-433c-a83e-055c8cea42f7','done',2,11,34.0,1771157353185,1771157353185);
INSERT INTO workout_exercise_set VALUES('9758989a-f503-466a-9116-6698292f89b9','677b1796-6b99-4229-ae95-b8f5498ef0ec','done',0,11,32.0,1771157353186,1771157353186);
INSERT INTO workout_exercise_set VALUES('3fee6290-31fa-45b7-b2e1-929d312938f7','677b1796-6b99-4229-ae95-b8f5498ef0ec','done',1,11,32.0,1771157353187,1771157353187);
INSERT INTO workout_exercise_set VALUES('1574c819-84af-4aa0-b01a-12d33fde3a9b','677b1796-6b99-4229-ae95-b8f5498ef0ec','done',2,11,32.0,1771157353188,1771157353188);
INSERT INTO workout_exercise_set VALUES('6aa5d860-b285-4fb1-a2ec-be0210985e33','15c0e54e-6aa6-48f1-bb22-c219608d4852','done',0,11,86.0,1771157353191,1771157353191);
INSERT INTO workout_exercise_set VALUES('4cd15ea0-b7a2-478e-801f-acf8353e3a4f','15c0e54e-6aa6-48f1-bb22-c219608d4852','done',1,11,86.0,1771157353191,1771157353191);
INSERT INTO workout_exercise_set VALUES('574beace-18d8-49d1-9158-cf4258bed338','15c0e54e-6aa6-48f1-bb22-c219608d4852','done',2,11,86.0,1771157353192,1771157353192);
INSERT INTO workout_exercise_set VALUES('021b1db9-1b43-4441-ae41-a49ac245b3cc','15c0e54e-6aa6-48f1-bb22-c219608d4852','done',3,11,86.0,1771157353193,1771157353193);
INSERT INTO workout_exercise_set VALUES('04a1e387-5c40-4046-a0cd-2745573c6380','c3fb751e-7072-486a-87c0-295b6650d412','done',0,11,60.0,1771157353195,1771157353195);
INSERT INTO workout_exercise_set VALUES('da73fc61-8a59-4373-9222-61cc57e57a5a','c3fb751e-7072-486a-87c0-295b6650d412','done',1,11,60.0,1771157353196,1771157353196);
INSERT INTO workout_exercise_set VALUES('816cce79-47c8-4a81-a42c-21ab28b81f94','96343100-68a0-4c8a-af9e-43d9a552adb3','done',0,11,86.0,1771157353197,1771157353197);
INSERT INTO workout_exercise_set VALUES('7dc288f9-2a51-459a-9ee7-231afdbb5103','96343100-68a0-4c8a-af9e-43d9a552adb3','done',1,11,86.0,1771157353198,1771157353198);
INSERT INTO workout_exercise_set VALUES('5c07f726-0575-48b5-9d0f-a8fa7690531a','96343100-68a0-4c8a-af9e-43d9a552adb3','done',2,11,86.0,1771157353199,1771157353199);
INSERT INTO workout_exercise_set VALUES('962f8bdd-462f-4829-8d62-58a2bd3e7e5e','96343100-68a0-4c8a-af9e-43d9a552adb3','done',3,11,86.0,1771157353200,1771157353200);
INSERT INTO workout_exercise_set VALUES('189f6f39-ad0b-4422-94cc-755c453d596e','a824efc7-f37b-4761-ae6e-c102b468437a','done',0,11,50.0,1771157353202,1771157353202);
INSERT INTO workout_exercise_set VALUES('84480703-ed1d-454f-9e08-d04bf56c7dd5','a824efc7-f37b-4761-ae6e-c102b468437a','done',1,11,50.0,1771157353202,1771157353202);
INSERT INTO workout_exercise_set VALUES('f8e7c688-09a4-4fde-80d3-2cc469fd76b0','a824efc7-f37b-4761-ae6e-c102b468437a','done',2,11,50.0,1771157353203,1771157353203);
INSERT INTO workout_exercise_set VALUES('9da00226-a5dd-4dd5-b393-b68a5095899d','a824efc7-f37b-4761-ae6e-c102b468437a','done',3,11,50.0,1771157353204,1771157353204);
INSERT INTO workout_exercise_set VALUES('c26688cd-dab0-418d-9e8c-8b765d09d0d7','b66e814b-9bbb-4a57-9563-19e76236c106','done',0,11,13.0,1771157353206,1771157353206);
INSERT INTO workout_exercise_set VALUES('f6a53096-1ad3-4433-b8ba-17aa284c6b40','b66e814b-9bbb-4a57-9563-19e76236c106','done',1,11,13.0,1771157353206,1771157353206);
INSERT INTO workout_exercise_set VALUES('cacf572a-9e82-417d-882b-0b037fb2feb1','b66e814b-9bbb-4a57-9563-19e76236c106','done',2,11,13.0,1771157353207,1771157353207);
INSERT INTO workout_exercise_set VALUES('e4909738-8d70-404f-9cd2-ef8283f859ae','b66e814b-9bbb-4a57-9563-19e76236c106','done',3,11,13.0,1771157353208,1771157353208);
INSERT INTO workout_exercise_set VALUES('70050cca-c9f6-44d9-828d-d584a1554ba1','c98ca44d-2505-491f-bda6-9c84ecdf44c6','done',0,11,38.0,1771157353211,1771157353211);
INSERT INTO workout_exercise_set VALUES('ffedc41f-cb43-401b-9f57-dc9b9ec6e294','c98ca44d-2505-491f-bda6-9c84ecdf44c6','done',1,11,38.0,1771157353212,1771157353212);
INSERT INTO workout_exercise_set VALUES('fc83c3c0-8b2c-46bb-a5cd-1063bcbed021','c98ca44d-2505-491f-bda6-9c84ecdf44c6','done',2,11,38.0,1771157353212,1771157353212);
INSERT INTO workout_exercise_set VALUES('8acf8c80-894d-480c-8c6b-33bfbd10bd69','c98ca44d-2505-491f-bda6-9c84ecdf44c6','done',3,11,38.0,1771157353213,1771157353213);
INSERT INTO workout_exercise_set VALUES('6042b3fb-22d2-4aa7-b2c1-535ef217a349','87785fd3-1c5a-4c8f-a511-1135fda38bfa','done',0,11,30.0,1771157353215,1771157353215);
INSERT INTO workout_exercise_set VALUES('f1697523-e1f5-48d6-ae31-a7e9dff04411','87785fd3-1c5a-4c8f-a511-1135fda38bfa','done',1,11,30.0,1771157353216,1771157353216);
INSERT INTO workout_exercise_set VALUES('48a150c8-1dd6-4cd0-bf98-c495fedec227','eb1a7bab-ad2d-4d88-89d2-44d19bf39755','done',0,11,52.0,1771157353217,1771157353217);
INSERT INTO workout_exercise_set VALUES('384c2786-9cc2-4fed-9bdf-ac5a1d966905','eb1a7bab-ad2d-4d88-89d2-44d19bf39755','done',1,11,52.0,1771157353218,1771157353218);
INSERT INTO workout_exercise_set VALUES('8b9ec23f-8f3d-4c4c-83ec-f98be5efebb2','eb1a7bab-ad2d-4d88-89d2-44d19bf39755','done',2,11,52.0,1771157353219,1771157353219);
INSERT INTO workout_exercise_set VALUES('4ae22cda-f1bc-44fd-96f2-2796f106874d','eb1a7bab-ad2d-4d88-89d2-44d19bf39755','done',3,11,52.0,1771157353220,1771157353220);
INSERT INTO workout_exercise_set VALUES('30c55f72-6b66-4dd9-9a79-3cb2aefaa942','6701beab-62bc-4c3e-bea9-a2935d014427','done',0,11,56.0,1771157353221,1771157353221);
INSERT INTO workout_exercise_set VALUES('0d474545-991a-4c3a-820c-eb34d61eb01c','6701beab-62bc-4c3e-bea9-a2935d014427','done',1,11,56.0,1771157353222,1771157353222);
INSERT INTO workout_exercise_set VALUES('a825864a-1174-4f26-8070-4c885f7ef540','7c8aa24e-b220-4ec5-8f42-8f552b440f89','done',0,11,12.0,1771157353223,1771157353223);
INSERT INTO workout_exercise_set VALUES('e2a78169-9dcf-4e81-ad58-efdf977f52ad','7c8aa24e-b220-4ec5-8f42-8f552b440f89','done',1,11,12.0,1771157353224,1771157353224);
INSERT INTO workout_exercise_set VALUES('3b8aa973-fe4a-4a2f-8359-54befd9669a9','7c8aa24e-b220-4ec5-8f42-8f552b440f89','done',2,11,12.0,1771157353225,1771157353225);
INSERT INTO workout_exercise_set VALUES('3ad70c33-2e87-4000-874c-8450fb9e432a','c97ab43a-3e55-44b6-b72f-6719f4f9e814','done',0,11,69.0,1771157353227,1771157353227);
INSERT INTO workout_exercise_set VALUES('c732cdc7-cd53-4ed4-a20b-e46fe420d434','c97ab43a-3e55-44b6-b72f-6719f4f9e814','done',1,11,69.0,1771157353228,1771157353228);
INSERT INTO workout_exercise_set VALUES('8f978012-148b-49e8-b0e9-09e7e6fe471c','c97ab43a-3e55-44b6-b72f-6719f4f9e814','done',2,11,69.0,1771157353229,1771157353229);
INSERT INTO workout_exercise_set VALUES('249fd121-9775-42d0-bb65-bbdd0f6d493e','72477cc6-c214-4937-8a87-63c089baba25','done',0,11,25.0,1771157353230,1771157353230);
INSERT INTO workout_exercise_set VALUES('71c9b18f-925e-46bd-8c61-1d5c8bd1d67f','72477cc6-c214-4937-8a87-63c089baba25','done',1,11,25.0,1771157353231,1771157353231);
INSERT INTO workout_exercise_set VALUES('26fe181a-db54-44be-92f0-e8d930fe3e94','72477cc6-c214-4937-8a87-63c089baba25','done',2,11,25.0,1771157353232,1771157353232);
INSERT INTO workout_exercise_set VALUES('916143e9-c9e5-4772-8e42-dec6dea64edf','a27ae96b-7bb8-4249-baee-225f1eda0af5','done',0,11,224.0,1771157353234,1771157353234);
INSERT INTO workout_exercise_set VALUES('0d301ab8-b7b8-4bc5-b85d-b912ea1e5e15','a27ae96b-7bb8-4249-baee-225f1eda0af5','done',1,11,224.0,1771157353235,1771157353235);
INSERT INTO workout_exercise_set VALUES('c5fc9c6d-88d7-4101-a084-5dc1715c6ae7','a27ae96b-7bb8-4249-baee-225f1eda0af5','done',2,11,224.0,1771157353236,1771157353236);
INSERT INTO workout_exercise_set VALUES('523b9946-8889-415d-9c5b-6dd0c7eb4479','a27ae96b-7bb8-4249-baee-225f1eda0af5','done',3,11,224.0,1771157353237,1771157353237);
INSERT INTO workout_exercise_set VALUES('5a2c5d71-51da-45ec-945e-52abd4363785','ecef7193-b49c-49bd-a5d8-a5941d75c931','done',0,11,84.0,1771157353238,1771157353238);
INSERT INTO workout_exercise_set VALUES('cc30ada4-b6e1-48fb-94da-0893e8a1db87','ecef7193-b49c-49bd-a5d8-a5941d75c931','done',1,11,84.0,1771157353239,1771157353239);
INSERT INTO workout_exercise_set VALUES('b885e363-6dd3-4e87-8b12-ef592b9135fb','c0391686-1c4e-4077-8f93-d90d6553b074','done',0,11,53.0,1771157353241,1771157353241);
INSERT INTO workout_exercise_set VALUES('2f2d2603-b997-4c64-95ef-a8d67edcece9','c0391686-1c4e-4077-8f93-d90d6553b074','done',1,11,53.0,1771157353241,1771157353241);
INSERT INTO workout_exercise_set VALUES('34324737-d348-43ce-be91-3001b652e316','c0391686-1c4e-4077-8f93-d90d6553b074','done',2,11,53.0,1771157353242,1771157353242);
INSERT INTO workout_exercise_set VALUES('0cbf998e-d47e-4a7a-9bc0-aa98a0533ff2','c0391686-1c4e-4077-8f93-d90d6553b074','done',3,11,53.0,1771157353243,1771157353243);
INSERT INTO workout_exercise_set VALUES('2025c833-4ee3-4179-bdef-a1fd1d93c65b','6ad03976-f291-4311-b942-9132922f74db','done',0,11,95.0,1771157353245,1771157353245);
INSERT INTO workout_exercise_set VALUES('2c861a87-0a29-4e49-bc5d-f14ce4c3d063','6ad03976-f291-4311-b942-9132922f74db','done',1,11,95.0,1771157353246,1771157353246);
INSERT INTO workout_exercise_set VALUES('f21298b3-d0f5-4e0f-98f5-34e7d71c41d6','6ad03976-f291-4311-b942-9132922f74db','done',2,11,95.0,1771157353247,1771157353247);
INSERT INTO workout_exercise_set VALUES('2fe1892f-df10-4353-a9c8-e1557cb4b687','6ad03976-f291-4311-b942-9132922f74db','done',3,11,95.0,1771157353248,1771157353248);
INSERT INTO workout_exercise_set VALUES('a5c0e89a-0863-4a79-b551-3c36180290b4','ff444999-0745-4cd4-95b2-727e993d218d','done',0,11,10.0,1771157353250,1771157353250);
INSERT INTO workout_exercise_set VALUES('5bec0fa8-8be4-434d-862f-5075df6f333a','ff444999-0745-4cd4-95b2-727e993d218d','done',1,11,10.0,1771157353251,1771157353251);
INSERT INTO workout_exercise_set VALUES('26c14e07-3baf-450c-8a6c-12c883e1c352','ff444999-0745-4cd4-95b2-727e993d218d','done',2,11,10.0,1771157353252,1771157353252);
INSERT INTO workout_exercise_set VALUES('2f114db0-91b6-489e-981b-9ba09b1fcedb','ff444999-0745-4cd4-95b2-727e993d218d','done',3,11,10.0,1771157353253,1771157353253);
INSERT INTO workout_exercise_set VALUES('9d635242-686b-4e0a-b136-fb4e1cbd8063','d64bbb7d-6423-4585-9b87-0ce935b43b50','done',0,12,86.0,1771157544710,1771157544710);
INSERT INTO workout_exercise_set VALUES('e4317038-a2c9-4184-b5b4-85bc332ad4ba','d64bbb7d-6423-4585-9b87-0ce935b43b50','done',1,12,86.0,1771157544711,1771157544711);
INSERT INTO workout_exercise_set VALUES('20624c87-e694-483e-83b9-1db1d09ab5a2','d64bbb7d-6423-4585-9b87-0ce935b43b50','done',2,12,86.0,1771157544712,1771157544712);
INSERT INTO workout_exercise_set VALUES('bc8d4ac9-16aa-41c2-9ee3-10a45f3167e9','d64bbb7d-6423-4585-9b87-0ce935b43b50','done',3,12,86.0,1771157544713,1771157544713);
INSERT INTO workout_exercise_set VALUES('97bf1529-22ea-4d8b-bce9-995cf26fde42','116d538e-d1e5-4b79-8f32-4f3be4d92d1e','done',0,12,106.0,1771157544714,1771157544714);
INSERT INTO workout_exercise_set VALUES('1616efd6-e028-435a-bca2-c8ede19fc721','116d538e-d1e5-4b79-8f32-4f3be4d92d1e','done',1,12,106.0,1771157544715,1771157544715);
INSERT INTO workout_exercise_set VALUES('a9c4a62c-93fb-4f4d-98ca-d7bd413479b6','e22ec54b-6d02-4d81-b64d-fd6f5470a7f2','done',0,12,60.0,1771157544717,1771157544717);
INSERT INTO workout_exercise_set VALUES('0bb48b36-07cc-4847-918c-7c311b07ce63','e22ec54b-6d02-4d81-b64d-fd6f5470a7f2','done',1,12,60.0,1771157544718,1771157544718);
INSERT INTO workout_exercise_set VALUES('bcb4b62b-3644-4d10-bc0b-11c7f913eaac','e22ec54b-6d02-4d81-b64d-fd6f5470a7f2','done',2,12,60.0,1771157544718,1771157544718);
INSERT INTO workout_exercise_set VALUES('d799b89e-f55a-414b-982a-9bd169f95a95','e22ec54b-6d02-4d81-b64d-fd6f5470a7f2','done',3,12,60.0,1771157544719,1771157544719);
INSERT INTO workout_exercise_set VALUES('b10ab095-f360-42ac-8a4c-277dad97bbfb','328939d4-15a9-452e-9a26-ef9757f47637','done',0,12,62.0,1771157544721,1771157544721);
INSERT INTO workout_exercise_set VALUES('3451e149-7c59-4997-9e9f-b004c28de2c2','328939d4-15a9-452e-9a26-ef9757f47637','done',1,12,62.0,1771157544722,1771157544722);
INSERT INTO workout_exercise_set VALUES('008e6353-f6d1-42e9-95bc-919cb75346be','276b4b4b-faea-4d6f-86af-3c2e389fa283','done',0,12,29.0,1771157544723,1771157544723);
INSERT INTO workout_exercise_set VALUES('ebd1189b-03f2-48e4-858a-ba63035bb053','276b4b4b-faea-4d6f-86af-3c2e389fa283','done',1,12,29.0,1771157544724,1771157544724);
INSERT INTO workout_exercise_set VALUES('290a7919-4747-442f-83c7-b82389c79cb7','276b4b4b-faea-4d6f-86af-3c2e389fa283','done',2,12,29.0,1771157544725,1771157544725);
INSERT INTO workout_exercise_set VALUES('5209e74e-c3cb-4ec5-acbb-9d0be75ee403','e8e2d0a0-f3a5-427d-8110-fe8f79cdf961','done',0,12,34.0,1771157544727,1771157544727);
INSERT INTO workout_exercise_set VALUES('4d7ceb8d-706c-4a33-8f98-cdadbf6791be','e8e2d0a0-f3a5-427d-8110-fe8f79cdf961','done',1,12,34.0,1771157544727,1771157544727);
INSERT INTO workout_exercise_set VALUES('22aae2c9-7e95-4f1e-a37b-5563d93b5612','e8e2d0a0-f3a5-427d-8110-fe8f79cdf961','done',2,12,34.0,1771157544728,1771157544728);
INSERT INTO workout_exercise_set VALUES('049b2406-9438-4b2d-9169-8c6164badaf3','291e194e-0094-4225-8ffa-881368a399f0','done',0,12,32.0,1771157544730,1771157544730);
INSERT INTO workout_exercise_set VALUES('021f9d3b-1120-447c-8198-a71cfd747aab','291e194e-0094-4225-8ffa-881368a399f0','done',1,12,32.0,1771157544731,1771157544731);
INSERT INTO workout_exercise_set VALUES('08f089ea-34de-43d1-b006-9f63bef03a90','291e194e-0094-4225-8ffa-881368a399f0','done',2,12,32.0,1771157544732,1771157544732);
INSERT INTO workout_exercise_set VALUES('0c581b0f-9b36-49f9-b9f6-2bce98bb3ab5','33d8a25f-385d-4d12-8146-5e69c553fdb3','done',0,12,86.0,1771157544734,1771157544734);
INSERT INTO workout_exercise_set VALUES('606dd872-17c2-4c19-8179-2219ac602e4b','33d8a25f-385d-4d12-8146-5e69c553fdb3','done',1,12,86.0,1771157544735,1771157544735);
INSERT INTO workout_exercise_set VALUES('d686f24a-365f-4a9f-aab2-182c576e09bc','33d8a25f-385d-4d12-8146-5e69c553fdb3','done',2,12,86.0,1771157544736,1771157544736);
INSERT INTO workout_exercise_set VALUES('0534139f-c140-4dae-98f7-75554219431b','33d8a25f-385d-4d12-8146-5e69c553fdb3','done',3,12,86.0,1771157544737,1771157544737);
INSERT INTO workout_exercise_set VALUES('88c47d34-5bc3-41f0-a1ab-c41c43c2b72e','e18bbd46-434b-45a7-a81b-d2e667d3e1f9','done',0,12,60.0,1771157544738,1771157544738);
INSERT INTO workout_exercise_set VALUES('171245e8-59f5-4acc-91ed-80a596d27d82','e18bbd46-434b-45a7-a81b-d2e667d3e1f9','done',1,12,60.0,1771157544739,1771157544739);
INSERT INTO workout_exercise_set VALUES('5f590d2e-b514-4b39-bd2f-59dde58994ab','60a6f2a7-8a89-44f9-86dc-ae2eab6c1985','done',0,12,86.0,1771157544741,1771157544741);
INSERT INTO workout_exercise_set VALUES('ea8ef693-b523-479c-a980-e3451528d912','60a6f2a7-8a89-44f9-86dc-ae2eab6c1985','done',1,12,86.0,1771157544742,1771157544742);
INSERT INTO workout_exercise_set VALUES('6142601d-ecfd-40c3-b1b1-bb234eec6207','60a6f2a7-8a89-44f9-86dc-ae2eab6c1985','done',2,12,86.0,1771157544742,1771157544742);
INSERT INTO workout_exercise_set VALUES('c0ee5af4-fe9b-4997-8be9-94d394bdb195','60a6f2a7-8a89-44f9-86dc-ae2eab6c1985','done',3,12,86.0,1771157544743,1771157544743);
INSERT INTO workout_exercise_set VALUES('ffa23aa0-6860-4429-9ac2-93a113748928','4314f4be-bfb9-4194-8b8a-3752ede025a7','done',0,12,50.0,1771157544746,1771157544746);
INSERT INTO workout_exercise_set VALUES('24666a20-fc84-4c24-8824-67ab96feb502','4314f4be-bfb9-4194-8b8a-3752ede025a7','done',1,12,50.0,1771157544747,1771157544747);
INSERT INTO workout_exercise_set VALUES('418ca100-5f8b-4146-9476-4ce513a505e9','4314f4be-bfb9-4194-8b8a-3752ede025a7','done',2,12,50.0,1771157544747,1771157544747);
INSERT INTO workout_exercise_set VALUES('797e9905-caf3-44b6-b432-cb5ef22ca291','4314f4be-bfb9-4194-8b8a-3752ede025a7','done',3,12,50.0,1771157544748,1771157544748);
INSERT INTO workout_exercise_set VALUES('ace8025a-3819-4d59-b7ae-f4dc7675ef7d','3f7637ce-79ef-4361-b2f9-0fc4e2bb0207','done',0,12,13.0,1771157544750,1771157544750);
INSERT INTO workout_exercise_set VALUES('be53822b-04cc-4d46-a7ba-f31e2a1e437e','3f7637ce-79ef-4361-b2f9-0fc4e2bb0207','done',1,12,13.0,1771157544751,1771157544751);
INSERT INTO workout_exercise_set VALUES('c59f8f97-f6e5-4f76-85db-189b3a877790','3f7637ce-79ef-4361-b2f9-0fc4e2bb0207','done',2,12,13.0,1771157544752,1771157544752);
INSERT INTO workout_exercise_set VALUES('cc1ad079-e8af-4d8f-8ba1-abe370aa7ee1','3f7637ce-79ef-4361-b2f9-0fc4e2bb0207','done',3,12,13.0,1771157544753,1771157544753);
INSERT INTO workout_exercise_set VALUES('9e2bc013-e049-4a75-9b92-2cf8b2102b1f','a086eb07-fb17-46b0-8722-573d48937213','done',0,12,38.0,1771157544757,1771157544757);
INSERT INTO workout_exercise_set VALUES('b5c2edd5-024e-4384-a2ff-73fc2fd41fe4','a086eb07-fb17-46b0-8722-573d48937213','done',1,12,38.0,1771157544757,1771157544757);
INSERT INTO workout_exercise_set VALUES('f2083746-dfd3-4845-b257-b422ec9af043','a086eb07-fb17-46b0-8722-573d48937213','done',2,12,38.0,1771157544758,1771157544758);
INSERT INTO workout_exercise_set VALUES('b3b0c6d1-6ff0-4b82-b85e-272dff9d2cb3','a086eb07-fb17-46b0-8722-573d48937213','done',3,12,38.0,1771157544759,1771157544759);
INSERT INTO workout_exercise_set VALUES('af3918ae-5670-4a2a-9ee6-6ebcd1243692','4aa8c9d9-89f6-4fc4-82ce-8c39cb8bbd00','done',0,12,30.0,1771157544761,1771157544761);
INSERT INTO workout_exercise_set VALUES('730e1840-eba8-465b-b054-90431e597f5d','4aa8c9d9-89f6-4fc4-82ce-8c39cb8bbd00','done',1,12,30.0,1771157544762,1771157544762);
INSERT INTO workout_exercise_set VALUES('b9788d75-879c-408f-970c-788b1d28b367','60c19d88-8e65-495a-96ba-4ec5c177f2ff','done',0,12,52.0,1771157544764,1771157544764);
INSERT INTO workout_exercise_set VALUES('b4a4d77b-b7c7-430c-8003-9345951aa9d0','60c19d88-8e65-495a-96ba-4ec5c177f2ff','done',1,12,52.0,1771157544765,1771157544765);
INSERT INTO workout_exercise_set VALUES('7eab300c-b24d-40b0-85f7-4a282e2b5134','60c19d88-8e65-495a-96ba-4ec5c177f2ff','done',2,12,52.0,1771157544766,1771157544766);
INSERT INTO workout_exercise_set VALUES('d63bbbe5-833c-48a0-bc99-774335c83aee','60c19d88-8e65-495a-96ba-4ec5c177f2ff','done',3,12,52.0,1771157544767,1771157544767);
INSERT INTO workout_exercise_set VALUES('dd28f60f-5cfc-489b-99a5-b9b690c17f43','1501632d-d38d-4ff8-a542-1525fb9643a5','done',0,12,56.0,1771157544768,1771157544768);
INSERT INTO workout_exercise_set VALUES('c6b1cb4c-0f6e-486d-840d-e640b9963466','1501632d-d38d-4ff8-a542-1525fb9643a5','done',1,12,56.0,1771157544769,1771157544769);
INSERT INTO workout_exercise_set VALUES('5dd0239a-22f2-43a2-9805-bff807cb7fd8','2c7d65ae-4d64-4a10-a768-e184eefe5b2a','done',0,12,12.0,1771157544772,1771157544772);
INSERT INTO workout_exercise_set VALUES('268c7902-3e4d-4773-853a-3a1a43650fd7','2c7d65ae-4d64-4a10-a768-e184eefe5b2a','done',1,12,12.0,1771157544773,1771157544773);
INSERT INTO workout_exercise_set VALUES('876fe58d-a91b-4d07-94e3-1624073a5dcf','2c7d65ae-4d64-4a10-a768-e184eefe5b2a','done',2,12,12.0,1771157544774,1771157544774);
INSERT INTO workout_exercise_set VALUES('eae22cff-9ff4-4f98-812a-9abd599842b7','c7c7e21a-1772-470f-a3aa-295ff48cb93b','done',0,12,69.0,1771157544775,1771157544775);
INSERT INTO workout_exercise_set VALUES('25522d84-966f-4a7d-b150-67dbb50a451c','c7c7e21a-1772-470f-a3aa-295ff48cb93b','done',1,12,69.0,1771157544776,1771157544776);
INSERT INTO workout_exercise_set VALUES('140ce709-6678-4b75-887e-bdf26152766d','c7c7e21a-1772-470f-a3aa-295ff48cb93b','done',2,12,69.0,1771157544777,1771157544777);
INSERT INTO workout_exercise_set VALUES('1429a712-874b-4d3d-83a0-9ed0f31951ad','52f22328-5521-47b3-a9b5-f5fe8d119084','done',0,12,25.0,1771157544779,1771157544779);
INSERT INTO workout_exercise_set VALUES('1157ee12-35d0-43fc-a5ba-fbd8e185a29a','52f22328-5521-47b3-a9b5-f5fe8d119084','done',1,12,25.0,1771157544780,1771157544780);
INSERT INTO workout_exercise_set VALUES('d3df6065-898f-4309-8225-ac2d95a07547','52f22328-5521-47b3-a9b5-f5fe8d119084','done',2,12,25.0,1771157544782,1771157544782);
INSERT INTO workout_exercise_set VALUES('444683bc-5599-4ffa-86d6-2577ab6b5349','429be707-7625-4e81-9edb-eb2087d7de90','done',0,12,224.0,1771157544785,1771157544785);
INSERT INTO workout_exercise_set VALUES('acab0c6d-6d7a-426e-81d2-f64b3f88f735','429be707-7625-4e81-9edb-eb2087d7de90','done',1,12,224.0,1771157544786,1771157544786);
INSERT INTO workout_exercise_set VALUES('72dd20f3-72c1-40a0-8501-6d8d76b09712','429be707-7625-4e81-9edb-eb2087d7de90','done',2,12,224.0,1771157544786,1771157544786);
INSERT INTO workout_exercise_set VALUES('2d0ff21c-19bd-4a4c-97d3-7dfb6d0f7d74','429be707-7625-4e81-9edb-eb2087d7de90','done',3,12,224.0,1771157544787,1771157544787);
INSERT INTO workout_exercise_set VALUES('e474e698-7893-44a6-9a3d-80940ded6c03','42e92d2e-9e76-4055-aa78-097534a0d0bb','done',0,12,84.0,1771157544789,1771157544789);
INSERT INTO workout_exercise_set VALUES('e556b0c1-5feb-4c0f-8073-4874ae5d6c94','42e92d2e-9e76-4055-aa78-097534a0d0bb','done',1,12,84.0,1771157544790,1771157544790);
INSERT INTO workout_exercise_set VALUES('7bd672e5-ac26-4bb4-9bfb-97fd78fa3f20','66cd1b84-5f67-4a7e-9def-925d69780a5c','done',0,12,53.0,1771157544792,1771157544792);
INSERT INTO workout_exercise_set VALUES('8117df11-d76d-460f-a908-3ae39343a473','66cd1b84-5f67-4a7e-9def-925d69780a5c','done',1,12,53.0,1771157544793,1771157544793);
INSERT INTO workout_exercise_set VALUES('d52f1c57-ad2b-4f82-94a2-4acf8b46b4e3','66cd1b84-5f67-4a7e-9def-925d69780a5c','done',2,12,53.0,1771157544793,1771157544793);
INSERT INTO workout_exercise_set VALUES('29406687-1c5d-44ca-b54b-51508dc928d4','66cd1b84-5f67-4a7e-9def-925d69780a5c','done',3,12,53.0,1771157544794,1771157544794);
INSERT INTO workout_exercise_set VALUES('f4ecb87e-11a6-4cb3-bbb8-7fa1f81f0085','32ed50ff-b023-4403-ae55-380a572b6d7a','done',0,12,95.0,1771157544797,1771157544797);
INSERT INTO workout_exercise_set VALUES('8017cdc5-d06f-454e-a9c1-96be7fa51b31','32ed50ff-b023-4403-ae55-380a572b6d7a','done',1,12,95.0,1771157544798,1771157544798);
INSERT INTO workout_exercise_set VALUES('faea7683-6747-4d85-ba22-a55519db9d2d','32ed50ff-b023-4403-ae55-380a572b6d7a','done',2,12,95.0,1771157544798,1771157544798);
INSERT INTO workout_exercise_set VALUES('ea120185-98e5-4dd7-9a2b-70128778967f','32ed50ff-b023-4403-ae55-380a572b6d7a','done',3,12,95.0,1771157544799,1771157544799);
INSERT INTO workout_exercise_set VALUES('3611b53f-5337-485b-ad3d-ccf5ab3c16db','5496c982-d0de-4036-a781-5b4484ca78e2','done',0,12,10.0,1771157544801,1771157544801);
INSERT INTO workout_exercise_set VALUES('569a9bbf-1de1-4143-8c41-9e552a42ccab','5496c982-d0de-4036-a781-5b4484ca78e2','done',1,12,10.0,1771157544802,1771157544802);
INSERT INTO workout_exercise_set VALUES('d4ab0595-1d81-46be-b903-59fa4a94f210','5496c982-d0de-4036-a781-5b4484ca78e2','done',2,12,10.0,1771157544802,1771157544802);
INSERT INTO workout_exercise_set VALUES('7fdcc465-4970-4e07-b737-bafaf554e989','5496c982-d0de-4036-a781-5b4484ca78e2','done',3,12,10.0,1771157544803,1771157544803);
