-- Loading Week Done
INSERT INTO exercise VALUES('413db5a0-47fb-48da-b9c3-d3267c427613','Leg Press','Quads',1770959304028,1770959304028);
INSERT INTO exercise VALUES('dbcaf166-8f74-404d-a8dc-14aa36aa2532','Single Leg Press','Quads',1770959304028,1770959304028);
INSERT INTO exercise VALUES('cb84c17d-1b79-4b23-a6a4-5947a545d141','Smith Machine Bulgarian Split Squat','Quads',1770959304028,1770959304028);
INSERT INTO exercise VALUES('b97959a3-7307-4e7a-a8cc-70624014334f','Dumbell Bulgarian Split Squat','Quads',1770959304028,1770959304028);
INSERT INTO exercise VALUES('f455f01f-2c4e-4acd-aed6-bc04ae1ac537','Barbell Split Squat','Quads',1770959304028,1770959304028);
INSERT INTO exercise VALUES('ec66370f-06a8-4d8a-887d-3d2addf7f662','Leg Extension','Quads',1770959304028,1770959304028);
INSERT INTO exercise VALUES('10a9c2b4-0ba1-4628-89d9-0a5f2662ccfa','Single Leg Extension','Quads',1770959304028,1770959304028);
INSERT INTO exercise VALUES('e813b4cf-4ce0-413e-babb-6eef28b9379f','Slow Eccentric Leg Extension','Quads',1770959304028,1770959304028);
INSERT INTO exercise VALUES('2bb30c14-b2ac-41e7-82d5-cec31f6750e8','Hack Squat','Quads',1770959304028,1770959304028);
INSERT INTO exercise VALUES('6976de9f-8034-443e-8952-10e4590fd576','Smith Machine Squat','Quads',1770959304028,1770959304028);
INSERT INTO exercise VALUES('0c8884cd-4e47-4873-8d47-fd04da24e548','Barbell Back Squat','Quads',1770959304028,1770959304028);
INSERT INTO exercise VALUES('e7091ae5-c0ea-4d75-847a-1d764665ef6c','Goblet Squat','Quads',1770959304028,1770959304028);
INSERT INTO exercise VALUES('a1ef3612-afe9-495b-8e87-b01635a26f4d','Safety Bar Squat','Quads',1770959304028,1770959304028);
INSERT INTO exercise VALUES('18f22ad0-47a4-4d3e-ab77-ffe5c76932ba','Romanian Deadlift','Hamstrings',1770959304028,1770959304028);
INSERT INTO exercise VALUES('dbe6fdf2-4d5f-4bb7-ae2f-57d45fb96bbf','Stiff Leg Deadlift','Hamstrings',1770959304028,1770959304028);
INSERT INTO exercise VALUES('241384e4-20f9-4ca3-87c1-4b4a0201c454','Single-Leg Romanian Deadlift','Hamstrings',1770959304028,1770959304028);
INSERT INTO exercise VALUES('b476941c-e507-44a2-8f19-a83c53727254','Barbell Good Morning','Hamstrings',1770959304028,1770959304028);
INSERT INTO exercise VALUES('072947f0-a500-4619-abab-4b556590aca0','Kettlebell Swing','Hamstrings',1770959304028,1770959304028);
INSERT INTO exercise VALUES('0009af3c-02ab-4784-ac42-6273ad454d6e','Cable Pull-Through','Hamstrings',1770959304028,1770959304028);
INSERT INTO exercise VALUES('daa7b893-93fa-44f4-978e-6f44ce434087','Leg Curl','Hamstrings',1770959304028,1770959304028);
INSERT INTO exercise VALUES('f80ac253-71ff-4731-a66a-b6941972a7cf','Single Leg Curl','Hamstrings',1770959304028,1770959304028);
INSERT INTO exercise VALUES('52b9afab-df7c-4739-ba89-dd1a4b19e899','Machine Hip Thrust','Glutes',1770959304028,1770959304028);
INSERT INTO exercise VALUES('3424cda4-0340-401c-b5be-b74637e952af','Barbell Hip Thrust','Glutes',1770959304028,1770959304028);
INSERT INTO exercise VALUES('5476d63e-c12e-4435-a721-19b537a43c22','Glute Bridge','Glutes',1770959304028,1770959304028);
INSERT INTO exercise VALUES('8558ee63-2ee7-43d0-b66e-f7d4fe69df7a','Front Foot Elevated Split Squat','Glutes',1770959304028,1770959304028);
INSERT INTO exercise VALUES('ada58d6c-4e83-4451-ba48-f6be0152ddf7','Sumo Squat','Glutes',1770959304028,1770959304028);
INSERT INTO exercise VALUES('6eaf5bd1-5b7b-469a-9705-b25dc40e36d6','Glute Abduction','Glutes',1770959304028,1770959304028);
INSERT INTO exercise VALUES('80b80ce3-f0ad-40ca-a50e-361ef2531f62','Cable Kickbacks','Glutes',1770959304028,1770959304028);
INSERT INTO exercise VALUES('0ee1b435-4527-4397-873a-e37a9de5fdcd','Preacher Curl','Biceps',1770959304028,1770959304028);
INSERT INTO exercise VALUES('07415498-a542-4e60-8844-e321294d129b','Cable Biceps Curl','Biceps',1770959304028,1770959304028);
INSERT INTO exercise VALUES('ceeaf956-ef41-4b66-b1ad-27df4784c14d','Concentration Curl','Biceps',1770959304028,1770959304028);
INSERT INTO exercise VALUES('3e1015f1-6786-4f92-ac6b-a3e90151d072','Behind Back Cable Biceps Curl','Biceps',1770959304028,1770959304028);
INSERT INTO exercise VALUES('3733461f-97d0-42b6-a00f-96e1807dfc16','Hammer Curl','Biceps',1770959304028,1770959304028);
INSERT INTO exercise VALUES('2a800919-829b-4af6-8b7a-fb8a4abf7e87','Reverse Grip Cable Curl','Biceps',1770959304028,1770959304028);
INSERT INTO exercise VALUES('362f6ed2-f4a0-411a-a408-e3b4ef8985cb','Preacher Hammer Curl','Biceps',1770959304028,1770959304028);
INSERT INTO exercise VALUES('72d721bb-6650-4939-9d9b-a04d5c0825aa','JM Press','Triceps',1770959304028,1770959304028);
INSERT INTO exercise VALUES('14d3aa19-c842-404f-bf8e-dc441c8d0848','Cable Overhead Triceps Extension','Triceps',1770959304028,1770959304028);
INSERT INTO exercise VALUES('2dd2ae43-39ad-4ea6-9073-0d857b05abb2','EZ Skull Crusher','Triceps',1770959304028,1770959304028);
INSERT INTO exercise VALUES('47f89388-5331-4720-aea1-cb112b53f065','Dumbell Skull Crusher','Triceps',1770959304028,1770959304028);
INSERT INTO exercise VALUES('cbc0db4b-a4b3-4db7-97dc-3d2959427db1','Close Grip Bench Press','Triceps',1770959304028,1770959304028);
INSERT INTO exercise VALUES('057166ca-3357-4202-b079-5d441febc917','Triceps Pushdown','Triceps',1770959304028,1770959304028);
INSERT INTO exercise VALUES('a951d005-99f9-4b29-aaef-645eb581dc90','Diamond Pushups','Triceps',1770959304028,1770959304028);
INSERT INTO exercise VALUES('99385e35-acf7-479a-b711-1efef63e9864','Cable Crunch','Abs',1770959304028,1770959304028);
INSERT INTO exercise VALUES('62c84346-0f91-4138-bee3-5a4825368e53','Crunch Machine','Abs',1770959304028,1770959304028);
INSERT INTO exercise VALUES('fd4ce2f4-8f9e-4ddf-a4bd-3f06b1ed5945','Cable Reverse Crunch','Abs',1770959304028,1770959304028);
INSERT INTO exercise VALUES('d1118e27-59d1-4f8d-8fcd-682bdf0bf2e3','Decline Sit Up','Abs',1770959304028,1770959304028);
INSERT INTO exercise VALUES('220e9003-b7d3-4597-b168-ffc3dd4e7f6c','Decline Russian Twist','Abs',1770959304028,1770959304028);
INSERT INTO exercise VALUES('25aefbc6-6e00-40f2-be8b-96137b2198a3','Cable Woodchopper','Abs',1770959304028,1770959304028);
INSERT INTO exercise VALUES('12f810c0-9f61-4eae-aca0-7fab09edb0b1','Lateral Pull Down','Back',1770959304028,1770959304028);
INSERT INTO exercise VALUES('78709549-2550-4ca7-ad67-673777682d96','Pull from High Cable','Back',1770959304028,1770959304028);
INSERT INTO exercise VALUES('80825eb1-e75a-420d-a143-c9c3603ec935','Cable Pull Over','Back',1770959304028,1770959304028);
INSERT INTO exercise VALUES('b613025f-fcaa-4aef-96b8-3b62db1f7037','Row Machine','Back',1770959304028,1770959304028);
INSERT INTO exercise VALUES('7227c8a2-89cd-46ec-a41a-23ec27cce126','Chest Supported Row','Back',1770959304028,1770959304028);
INSERT INTO exercise VALUES('58ed5918-0cbd-4a31-b777-aaf215ca062b','Pendlay Row','Back',1770959304028,1770959304028);
INSERT INTO exercise VALUES('64d614d0-a383-4f3e-bb26-2f5e8d526065','Dumbell Single Arm Row','Back',1770959304028,1770959304028);
INSERT INTO exercise VALUES('26a90782-edcf-42ec-af19-0b8415f5c9f8','Smith Machine Incline Bench Press','Chest',1770959304028,1770959304028);
INSERT INTO exercise VALUES('f1824834-9351-435d-85f9-7db91666c9e4','Incline Dumbell Bench Pres','Chest',1770959304028,1770959304028);
INSERT INTO exercise VALUES('7e36425b-1245-464f-b04a-220d601d799a','Incline Barbell Bench Press','Chest',1770959304028,1770959304028);
INSERT INTO exercise VALUES('b48e67e3-8de9-4fbe-879f-0e875058113b','Chest Press Machine','Chest',1770959304028,1770959304028);
INSERT INTO exercise VALUES('d3f7b945-f7c4-4c5b-8d39-8857cd583376','Barbell Bench Press','Chest',1770959304028,1770959304028);
INSERT INTO exercise VALUES('a17f1d8c-d7a5-4733-83b1-626230c509cf','Dumbell Bench Press','Chest',1770959304028,1770959304028);
INSERT INTO exercise VALUES('74abe9d9-800e-403a-9c6a-8a74e4b0e111','Chest Dips','Chest',1770959304028,1770959304028);
INSERT INTO exercise VALUES('5c1fd719-a5de-43c4-887a-aa1325d2e46e','Pec Deck','Chest',1770959304028,1770959304028);
INSERT INTO exercise VALUES('26a46a2f-5282-434f-be8b-8de8c04ac355','Cable Flye','Chest',1770959304028,1770959304028);
INSERT INTO exercise VALUES('79b80224-121e-4911-853b-0760be442b48','Dumbell Flye','Chest',1770959304028,1770959304028);
INSERT INTO exercise VALUES('79540188-80f0-4dcb-8fc2-73900d12d353','Reverse Pec Deck','RearDelts',1770959304028,1770959304028);
INSERT INTO exercise VALUES('b3c0ede8-94f5-4d88-bf05-78c249927f72','Dumbell Rear Delt Flye','RearDelts',1770959304028,1770959304028);
INSERT INTO exercise VALUES('a2cfd57b-e596-42ef-abfd-3f14a088ec8f','Machine Rear Delt Row','RearDelts',1770959304028,1770959304028);
INSERT INTO exercise VALUES('6aa633ec-45f7-4884-bab7-19d7d42df1d7','Seal Row','RearDelts',1770959304028,1770959304028);
INSERT INTO exercise VALUES('81ceec6f-272e-42df-8150-da8080a15c8e','Cable Rear Delt Row','RearDelts',1770959304028,1770959304028);
INSERT INTO exercise VALUES('ef52e5f7-ba8d-42bf-b772-c06b0ff3ce50','Dumbell Lateral Raises','SideDelts',1770959304028,1770959304028);
INSERT INTO exercise VALUES('8391d82e-c7e2-474e-8c1b-34348c906e37','Machine Lateral Raises','SideDelts',1770959304028,1770959304028);
INSERT INTO exercise VALUES('e5736887-58a5-460b-bd11-22bd80923466','Lying Dumbell Side Raises','SideDelts',1770959304028,1770959304028);
INSERT INTO exercise VALUES('3757f494-2049-47c5-b22b-a728b5531de0','Bench Supported Dumbell Lateral Raises','SideDelts',1770959304028,1770959304028);
INSERT INTO exercise VALUES('5da44942-bc01-46ff-82b7-300fe401d783','Cable Lateral Raise','SideDelts',1770959304028,1770959304028);
INSERT INTO exercise VALUES('ad5f29cb-797b-41b0-84ce-07f20ea39e3e','Behind the Back Lateral Raises','SideDelts',1770959304028,1770959304028);
INSERT INTO exercise VALUES('81be943c-2ed8-4ae1-80da-a2b41c9a23de','Leaning Cable Lateral Raises','SideDelts',1770959304028,1770959304028);
INSERT INTO exercise VALUES('3b0db4af-ffdc-4071-8ee1-a5ee846fdf6e','Shoulder Machine Press','SideDelts',1770959304028,1770959304028);
INSERT INTO exercise VALUES('b875c6bf-2806-4183-9149-7ed330d95614','Barbell Strict Press','SideDelts',1770959304028,1770959304028);
INSERT INTO exercise_metadata VALUES('413db5a0-47fb-48da-b9c3-d3267c427613-metadata','413db5a0-47fb-48da-b9c3-d3267c427613','QuadsPress',0,'none');
INSERT INTO exercise_metadata VALUES('dbcaf166-8f74-404d-a8dc-14aa36aa2532-metadata','dbcaf166-8f74-404d-a8dc-14aa36aa2532','QuadsPress',1,'advanced');
INSERT INTO exercise_metadata VALUES('cb84c17d-1b79-4b23-a6a4-5947a545d141-metadata','cb84c17d-1b79-4b23-a6a4-5947a545d141','QuadsPress',2,'none');
INSERT INTO exercise_metadata VALUES('b97959a3-7307-4e7a-a8cc-70624014334f-metadata','b97959a3-7307-4e7a-a8cc-70624014334f','QuadsPress',3,'none');
INSERT INTO exercise_metadata VALUES('f455f01f-2c4e-4acd-aed6-bc04ae1ac537-metadata','f455f01f-2c4e-4acd-aed6-bc04ae1ac537','QuadsPress',4,'none');
INSERT INTO exercise_metadata VALUES('ec66370f-06a8-4d8a-887d-3d2addf7f662-metadata','ec66370f-06a8-4d8a-887d-3d2addf7f662','QuadsExtension',0,'none');
INSERT INTO exercise_metadata VALUES('10a9c2b4-0ba1-4628-89d9-0a5f2662ccfa-metadata','10a9c2b4-0ba1-4628-89d9-0a5f2662ccfa','QuadsExtension',1,'none');
INSERT INTO exercise_metadata VALUES('e813b4cf-4ce0-413e-babb-6eef28b9379f-metadata','e813b4cf-4ce0-413e-babb-6eef28b9379f','QuadsExtension',2,'none');
INSERT INTO exercise_metadata VALUES('2bb30c14-b2ac-41e7-82d5-cec31f6750e8-metadata','2bb30c14-b2ac-41e7-82d5-cec31f6750e8','QuadsSquat',0,'intermediate');
INSERT INTO exercise_metadata VALUES('6976de9f-8034-443e-8952-10e4590fd576-metadata','6976de9f-8034-443e-8952-10e4590fd576','QuadsSquat',1,'none');
INSERT INTO exercise_metadata VALUES('0c8884cd-4e47-4873-8d47-fd04da24e548-metadata','0c8884cd-4e47-4873-8d47-fd04da24e548','QuadsSquat',2,'none');
INSERT INTO exercise_metadata VALUES('e7091ae5-c0ea-4d75-847a-1d764665ef6c-metadata','e7091ae5-c0ea-4d75-847a-1d764665ef6c','QuadsSquat',3,'none');
INSERT INTO exercise_metadata VALUES('a1ef3612-afe9-495b-8e87-b01635a26f4d-metadata','a1ef3612-afe9-495b-8e87-b01635a26f4d','QuadsSquat',5,'advanced');
INSERT INTO exercise_metadata VALUES('18f22ad0-47a4-4d3e-ab77-ffe5c76932ba-metadata','18f22ad0-47a4-4d3e-ab77-ffe5c76932ba','HamstringsHipHinge',0,'none');
INSERT INTO exercise_metadata VALUES('dbe6fdf2-4d5f-4bb7-ae2f-57d45fb96bbf-metadata','dbe6fdf2-4d5f-4bb7-ae2f-57d45fb96bbf','HamstringsHipHinge',1,'none');
INSERT INTO exercise_metadata VALUES('241384e4-20f9-4ca3-87c1-4b4a0201c454-metadata','241384e4-20f9-4ca3-87c1-4b4a0201c454','HamstringsHipHinge',2,'none');
INSERT INTO exercise_metadata VALUES('b476941c-e507-44a2-8f19-a83c53727254-metadata','b476941c-e507-44a2-8f19-a83c53727254','HamstringsHipHinge',3,'intermediate');
INSERT INTO exercise_metadata VALUES('072947f0-a500-4619-abab-4b556590aca0-metadata','072947f0-a500-4619-abab-4b556590aca0','HamstringsHipHinge',4,'none');
INSERT INTO exercise_metadata VALUES('0009af3c-02ab-4784-ac42-6273ad454d6e-metadata','0009af3c-02ab-4784-ac42-6273ad454d6e','HamstringsHipHinge',5,'none');
INSERT INTO exercise_metadata VALUES('daa7b893-93fa-44f4-978e-6f44ce434087-metadata','daa7b893-93fa-44f4-978e-6f44ce434087','HamstringsCurl',0,'none');
INSERT INTO exercise_metadata VALUES('f80ac253-71ff-4731-a66a-b6941972a7cf-metadata','f80ac253-71ff-4731-a66a-b6941972a7cf','HamstringsCurl',1,'none');
INSERT INTO exercise_metadata VALUES('52b9afab-df7c-4739-ba89-dd1a4b19e899-metadata','52b9afab-df7c-4739-ba89-dd1a4b19e899','GlutesThrust',0,'intermediate');
INSERT INTO exercise_metadata VALUES('3424cda4-0340-401c-b5be-b74637e952af-metadata','3424cda4-0340-401c-b5be-b74637e952af','GlutesThrust',1,'none');
INSERT INTO exercise_metadata VALUES('5476d63e-c12e-4435-a721-19b537a43c22-metadata','5476d63e-c12e-4435-a721-19b537a43c22','GlutesThrust',2,'none');
INSERT INTO exercise_metadata VALUES('8558ee63-2ee7-43d0-b66e-f7d4fe69df7a-metadata','8558ee63-2ee7-43d0-b66e-f7d4fe69df7a','GlutesSquat',0,'advanced');
INSERT INTO exercise_metadata VALUES('ada58d6c-4e83-4451-ba48-f6be0152ddf7-metadata','ada58d6c-4e83-4451-ba48-f6be0152ddf7','GlutesSquat',1,'none');
INSERT INTO exercise_metadata VALUES('6eaf5bd1-5b7b-469a-9705-b25dc40e36d6-metadata','6eaf5bd1-5b7b-469a-9705-b25dc40e36d6','GlutesAbduction',0,'none');
INSERT INTO exercise_metadata VALUES('80b80ce3-f0ad-40ca-a50e-361ef2531f62-metadata','80b80ce3-f0ad-40ca-a50e-361ef2531f62','GlutesAbduction',1,'none');
INSERT INTO exercise_metadata VALUES('0ee1b435-4527-4397-873a-e37a9de5fdcd-metadata','0ee1b435-4527-4397-873a-e37a9de5fdcd','BicepsLengthenedCurl',0,'intermediate');
INSERT INTO exercise_metadata VALUES('07415498-a542-4e60-8844-e321294d129b-metadata','07415498-a542-4e60-8844-e321294d129b','BicepsLengthenedCurl',1,'none');
INSERT INTO exercise_metadata VALUES('ceeaf956-ef41-4b66-b1ad-27df4784c14d-metadata','ceeaf956-ef41-4b66-b1ad-27df4784c14d','BicepsShorthenedCurl',0,'none');
INSERT INTO exercise_metadata VALUES('3e1015f1-6786-4f92-ac6b-a3e90151d072-metadata','3e1015f1-6786-4f92-ac6b-a3e90151d072','BicepsShorthenedCurl',1,'none');
INSERT INTO exercise_metadata VALUES('3733461f-97d0-42b6-a00f-96e1807dfc16-metadata','3733461f-97d0-42b6-a00f-96e1807dfc16','BicepsBrachialis',0,'none');
INSERT INTO exercise_metadata VALUES('2a800919-829b-4af6-8b7a-fb8a4abf7e87-metadata','2a800919-829b-4af6-8b7a-fb8a4abf7e87','BicepsBrachialis',1,'none');
INSERT INTO exercise_metadata VALUES('362f6ed2-f4a0-411a-a408-e3b4ef8985cb-metadata','362f6ed2-f4a0-411a-a408-e3b4ef8985cb','BicepsBrachialis',2,'none');
INSERT INTO exercise_metadata VALUES('72d721bb-6650-4939-9d9b-a04d5c0825aa-metadata','72d721bb-6650-4939-9d9b-a04d5c0825aa','TricepsLonghead',0,'advanced');
INSERT INTO exercise_metadata VALUES('14d3aa19-c842-404f-bf8e-dc441c8d0848-metadata','14d3aa19-c842-404f-bf8e-dc441c8d0848','TricepsLonghead',1,'none');
INSERT INTO exercise_metadata VALUES('2dd2ae43-39ad-4ea6-9073-0d857b05abb2-metadata','2dd2ae43-39ad-4ea6-9073-0d857b05abb2','TricepsLonghead',2,'none');
INSERT INTO exercise_metadata VALUES('47f89388-5331-4720-aea1-cb112b53f065-metadata','47f89388-5331-4720-aea1-cb112b53f065','TricepsLonghead',3,'none');
INSERT INTO exercise_metadata VALUES('cbc0db4b-a4b3-4db7-97dc-3d2959427db1-metadata','cbc0db4b-a4b3-4db7-97dc-3d2959427db1','TricepsShorthead',0,'intermediate');
INSERT INTO exercise_metadata VALUES('057166ca-3357-4202-b079-5d441febc917-metadata','057166ca-3357-4202-b079-5d441febc917','TricepsShorthead',1,'none');
INSERT INTO exercise_metadata VALUES('a951d005-99f9-4b29-aaef-645eb581dc90-metadata','a951d005-99f9-4b29-aaef-645eb581dc90','TricepsShorthead',2,'none');
INSERT INTO exercise_metadata VALUES('99385e35-acf7-479a-b711-1efef63e9864-metadata','99385e35-acf7-479a-b711-1efef63e9864','AbsUpper',0,'none');
INSERT INTO exercise_metadata VALUES('62c84346-0f91-4138-bee3-5a4825368e53-metadata','62c84346-0f91-4138-bee3-5a4825368e53','AbsUpper',1,'none');
INSERT INTO exercise_metadata VALUES('fd4ce2f4-8f9e-4ddf-a4bd-3f06b1ed5945-metadata','fd4ce2f4-8f9e-4ddf-a4bd-3f06b1ed5945','AbsLower',0,'none');
INSERT INTO exercise_metadata VALUES('d1118e27-59d1-4f8d-8fcd-682bdf0bf2e3-metadata','d1118e27-59d1-4f8d-8fcd-682bdf0bf2e3','AbsLower',1,'none');
INSERT INTO exercise_metadata VALUES('220e9003-b7d3-4597-b168-ffc3dd4e7f6c-metadata','220e9003-b7d3-4597-b168-ffc3dd4e7f6c','AbsLower',2,'none');
INSERT INTO exercise_metadata VALUES('25aefbc6-6e00-40f2-be8b-96137b2198a3-metadata','25aefbc6-6e00-40f2-be8b-96137b2198a3','AbsLower',3,'none');
INSERT INTO exercise_metadata VALUES('12f810c0-9f61-4eae-aca0-7fab09edb0b1-metadata','12f810c0-9f61-4eae-aca0-7fab09edb0b1','BackVerticalPull',0,'none');
INSERT INTO exercise_metadata VALUES('78709549-2550-4ca7-ad67-673777682d96-metadata','78709549-2550-4ca7-ad67-673777682d96','BackVerticalPull',1,'none');
INSERT INTO exercise_metadata VALUES('80825eb1-e75a-420d-a143-c9c3603ec935-metadata','80825eb1-e75a-420d-a143-c9c3603ec935','BackVerticalPull',2,'none');
INSERT INTO exercise_metadata VALUES('b613025f-fcaa-4aef-96b8-3b62db1f7037-metadata','b613025f-fcaa-4aef-96b8-3b62db1f7037','BackHorizontalPull',0,'none');
INSERT INTO exercise_metadata VALUES('7227c8a2-89cd-46ec-a41a-23ec27cce126-metadata','7227c8a2-89cd-46ec-a41a-23ec27cce126','BackHorizontalPull',1,'none');
INSERT INTO exercise_metadata VALUES('58ed5918-0cbd-4a31-b777-aaf215ca062b-metadata','58ed5918-0cbd-4a31-b777-aaf215ca062b','BackHorizontalPull',2,'advanced');
INSERT INTO exercise_metadata VALUES('64d614d0-a383-4f3e-bb26-2f5e8d526065-metadata','64d614d0-a383-4f3e-bb26-2f5e8d526065','BackHorizontalPull',3,'none');
INSERT INTO exercise_metadata VALUES('26a90782-edcf-42ec-af19-0b8415f5c9f8-metadata','26a90782-edcf-42ec-af19-0b8415f5c9f8','ChestUpper',0,'intermediate');
INSERT INTO exercise_metadata VALUES('f1824834-9351-435d-85f9-7db91666c9e4-metadata','f1824834-9351-435d-85f9-7db91666c9e4','ChestUpper',1,'none');
INSERT INTO exercise_metadata VALUES('7e36425b-1245-464f-b04a-220d601d799a-metadata','7e36425b-1245-464f-b04a-220d601d799a','ChestUpper',2,'none');
INSERT INTO exercise_metadata VALUES('b48e67e3-8de9-4fbe-879f-0e875058113b-metadata','b48e67e3-8de9-4fbe-879f-0e875058113b','ChestMiddle',0,'intermediate');
INSERT INTO exercise_metadata VALUES('d3f7b945-f7c4-4c5b-8d39-8857cd583376-metadata','d3f7b945-f7c4-4c5b-8d39-8857cd583376','ChestMiddle',1,'none');
INSERT INTO exercise_metadata VALUES('a17f1d8c-d7a5-4733-83b1-626230c509cf-metadata','a17f1d8c-d7a5-4733-83b1-626230c509cf','ChestMiddle',2,'none');
INSERT INTO exercise_metadata VALUES('74abe9d9-800e-403a-9c6a-8a74e4b0e111-metadata','74abe9d9-800e-403a-9c6a-8a74e4b0e111','ChestMiddle',3,'none');
INSERT INTO exercise_metadata VALUES('5c1fd719-a5de-43c4-887a-aa1325d2e46e-metadata','5c1fd719-a5de-43c4-887a-aa1325d2e46e','ChestFly',0,'none');
INSERT INTO exercise_metadata VALUES('26a46a2f-5282-434f-be8b-8de8c04ac355-metadata','26a46a2f-5282-434f-be8b-8de8c04ac355','ChestFly',1,'none');
INSERT INTO exercise_metadata VALUES('79b80224-121e-4911-853b-0760be442b48-metadata','79b80224-121e-4911-853b-0760be442b48','ChestFly',2,'none');
INSERT INTO exercise_metadata VALUES('79540188-80f0-4dcb-8fc2-73900d12d353-metadata','79540188-80f0-4dcb-8fc2-73900d12d353','RearDeltsReverseFly',0,'none');
INSERT INTO exercise_metadata VALUES('b3c0ede8-94f5-4d88-bf05-78c249927f72-metadata','b3c0ede8-94f5-4d88-bf05-78c249927f72','RearDeltsReverseFly',1,'none');
INSERT INTO exercise_metadata VALUES('a2cfd57b-e596-42ef-abfd-3f14a088ec8f-metadata','a2cfd57b-e596-42ef-abfd-3f14a088ec8f','RearDeltsRow',0,'none');
INSERT INTO exercise_metadata VALUES('6aa633ec-45f7-4884-bab7-19d7d42df1d7-metadata','6aa633ec-45f7-4884-bab7-19d7d42df1d7','RearDeltsRow',1,'none');
INSERT INTO exercise_metadata VALUES('81ceec6f-272e-42df-8150-da8080a15c8e-metadata','81ceec6f-272e-42df-8150-da8080a15c8e','RearDeltsRow',2,'none');
INSERT INTO exercise_metadata VALUES('ef52e5f7-ba8d-42bf-b772-c06b0ff3ce50-metadata','ef52e5f7-ba8d-42bf-b772-c06b0ff3ce50','SideDeltsDumbellLateralRaise',0,'none');
INSERT INTO exercise_metadata VALUES('8391d82e-c7e2-474e-8c1b-34348c906e37-metadata','8391d82e-c7e2-474e-8c1b-34348c906e37','SideDeltsDumbellLateralRaise',1,'none');
INSERT INTO exercise_metadata VALUES('e5736887-58a5-460b-bd11-22bd80923466-metadata','e5736887-58a5-460b-bd11-22bd80923466','SideDeltsDumbellIsolatedLateralRaise',0,'intermediate');
INSERT INTO exercise_metadata VALUES('3757f494-2049-47c5-b22b-a728b5531de0-metadata','3757f494-2049-47c5-b22b-a728b5531de0','SideDeltsDumbellIsolatedLateralRaise',1,'none');
INSERT INTO exercise_metadata VALUES('5da44942-bc01-46ff-82b7-300fe401d783-metadata','5da44942-bc01-46ff-82b7-300fe401d783','SideDeltsCableLateralRaise',0,'none');
INSERT INTO exercise_metadata VALUES('ad5f29cb-797b-41b0-84ce-07f20ea39e3e-metadata','ad5f29cb-797b-41b0-84ce-07f20ea39e3e','SideDeltsCableLateralRaise',1,'none');
INSERT INTO exercise_metadata VALUES('81be943c-2ed8-4ae1-80da-a2b41c9a23de-metadata','81be943c-2ed8-4ae1-80da-a2b41c9a23de','SideDeltsCableLateralRaise',2,'none');
INSERT INTO exercise_metadata VALUES('3b0db4af-ffdc-4071-8ee1-a5ee846fdf6e-metadata','3b0db4af-ffdc-4071-8ee1-a5ee846fdf6e','SideDeltsPress',0,'none');
INSERT INTO exercise_metadata VALUES('b875c6bf-2806-4183-9149-7ed330d95614-metadata','b875c6bf-2806-4183-9149-7ed330d95614','SideDeltsPress',1,'none');
INSERT INTO mesocycle VALUES('cac6dde0-a1cb-49dc-afc2-8a8b57a29796','local-user',1,NULL,1770959335000);
INSERT INTO microcycle VALUES('ee69595e-6da7-40c2-89db-3ce55008b21e','cac6dde0-a1cb-49dc-afc2-8a8b57a29796',0,1771157058000,1770959335000);
INSERT INTO microcycle VALUES('17147d67-4698-42b2-bd60-038112cfa815','cac6dde0-a1cb-49dc-afc2-8a8b57a29796',1,NULL,1771157058000);
INSERT INTO microcycle_workout VALUES('03737ddf-5c3d-45ee-b41f-14248158497b','ee69595e-6da7-40c2-89db-3ce55008b21e',0,'completed',0,1771156843000,NULL,NULL);
INSERT INTO microcycle_workout VALUES('0dd49e3c-82d0-42c2-b581-a3034827a28a','ee69595e-6da7-40c2-89db-3ce55008b21e',1,'completed',0,1771156913000,NULL,NULL);
INSERT INTO microcycle_workout VALUES('97851362-2c22-4fa9-b5fc-c3b525d26818','ee69595e-6da7-40c2-89db-3ce55008b21e',2,'completed',0,1771157000000,NULL,NULL);
INSERT INTO microcycle_workout VALUES('cddad869-038a-40cd-89c6-afe1d0058be3','ee69595e-6da7-40c2-89db-3ce55008b21e',3,'completed',0,1771157058000,NULL,NULL);
INSERT INTO microcycle_workout VALUES('de7a23f3-6962-4c32-825f-5855308e9f92','17147d67-4698-42b2-bd60-038112cfa815',0,'pending',0,NULL,NULL,NULL);
INSERT INTO microcycle_workout VALUES('9381d002-d65c-46db-84c2-4d1cb0020cd7','17147d67-4698-42b2-bd60-038112cfa815',1,'pending',0,NULL,NULL,NULL);
INSERT INTO microcycle_workout VALUES('ef2a764b-7b84-4a75-8eac-a5cdb7c7acca','17147d67-4698-42b2-bd60-038112cfa815',2,'pending',0,NULL,NULL,NULL);
INSERT INTO microcycle_workout VALUES('eb8c484b-b3d9-4170-bffe-b50094bfcc1a','17147d67-4698-42b2-bd60-038112cfa815',3,'pending',0,NULL,NULL,NULL);
INSERT INTO onboarding_data VALUES('edce914c-4c6c-49ea-b27d-35e238b6b022','local-user','metric','fourDays',4,'advanced',NULL,'male',1770959334990);
INSERT INTO user VALUES('local-user',1770959304138,0);
INSERT INTO workout_exercise VALUES('b2f3ee46-beb6-41ef-8538-06316a7fb296','03737ddf-5c3d-45ee-b41f-14248158497b','26a90782-edcf-42ec-af19-0b8415f5c9f8','loaded',8,4,1770959335000,1771054614688,100.0,NULL,8,NULL,0,NULL,NULL);
INSERT INTO workout_exercise VALUES('65871104-f9c9-4d7e-96bc-c871a8d0c353','03737ddf-5c3d-45ee-b41f-14248158497b','b48e67e3-8de9-4fbe-879f-0e875058113b','loaded',8,2,1770959335000,1771156798347,120.0,NULL,9,NULL,1,NULL,NULL);
INSERT INTO workout_exercise VALUES('47b35785-0f6f-499a-82e2-71c654d4818b','03737ddf-5c3d-45ee-b41f-14248158497b','12f810c0-9f61-4eae-aca0-7fab09edb0b1','loaded',8,4,1770959335000,1771156786079,70.0,NULL,8,NULL,2,NULL,NULL);
INSERT INTO workout_exercise VALUES('51f6cf95-239f-4765-a9d0-f396a99ed6e3','03737ddf-5c3d-45ee-b41f-14248158497b','b613025f-fcaa-4aef-96b8-3b62db1f7037','loaded',8,2,1770959335000,1771156810242,72.0,NULL,8,NULL,3,NULL,NULL);
INSERT INTO workout_exercise VALUES('d00e7ab3-2078-4f74-b0fa-5c9f2dbcc3b2','03737ddf-5c3d-45ee-b41f-14248158497b','0ee1b435-4527-4397-873a-e37a9de5fdcd','loaded',8,3,1770959335000,1771156824154,32.0,NULL,10,NULL,4,NULL,NULL);
INSERT INTO workout_exercise VALUES('57e503b3-d59a-4473-93dd-603aee6505d8','03737ddf-5c3d-45ee-b41f-14248158497b','72d721bb-6650-4939-9d9b-a04d5c0825aa','loaded',8,3,1770959335000,1771156833385,40.0,NULL,8,NULL,5,NULL,NULL);
INSERT INTO workout_exercise VALUES('f2bc60c5-e95f-4a2d-adef-d2161b565848','03737ddf-5c3d-45ee-b41f-14248158497b','99385e35-acf7-479a-b711-1efef63e9864','loaded',8,3,1770959335000,1771156842529,38.0,NULL,8,NULL,6,NULL,NULL);
INSERT INTO workout_exercise VALUES('cbefa136-8544-40b3-8fc2-18904be78ab7','0dd49e3c-82d0-42c2-b581-a3034827a28a','2bb30c14-b2ac-41e7-82d5-cec31f6750e8','loaded',8,4,1770959335000,1771156858188,100.0,NULL,8,NULL,0,NULL,NULL);
INSERT INTO workout_exercise VALUES('64d730fb-1481-4e2e-a389-e0c0f93505ce','0dd49e3c-82d0-42c2-b581-a3034827a28a','ec66370f-06a8-4d8a-887d-3d2addf7f662','loaded',8,2,1770959335000,1771156869983,66.0,NULL,10,NULL,1,NULL,NULL);
INSERT INTO workout_exercise VALUES('c101a813-f84b-4dda-a5d2-2e00b9b33bf0','0dd49e3c-82d0-42c2-b581-a3034827a28a','52b9afab-df7c-4739-ba89-dd1a4b19e899','loaded',8,4,1770959335000,1771156880772,100.0,NULL,8,NULL,2,NULL,NULL);
INSERT INTO workout_exercise VALUES('011e0a77-1e6b-4eca-8fa7-7d45f3f516cc','0dd49e3c-82d0-42c2-b581-a3034827a28a','daa7b893-93fa-44f4-978e-6f44ce434087','loaded',8,4,1770959335000,1771156894377,60.0,NULL,7,NULL,3,NULL,NULL);
INSERT INTO workout_exercise VALUES('8ba5ec3f-cf0f-4b81-9803-54fd98cb1f4a','0dd49e3c-82d0-42c2-b581-a3034827a28a','ef52e5f7-ba8d-42bf-b772-c06b0ff3ce50','loaded',8,4,1770959335000,1771156912570,14.0,NULL,11,NULL,4,NULL,NULL);
INSERT INTO workout_exercise VALUES('d94d7846-3318-4a80-941f-15f3e03e76a4','97851362-2c22-4fa9-b5fc-c3b525d26818','5c1fd719-a5de-43c4-887a-aa1325d2e46e','loaded',8,4,1770959335000,1771156929279,45.0,NULL,8,NULL,0,NULL,NULL);
INSERT INTO workout_exercise VALUES('ca03c623-6aec-48af-ad21-c58409bfad1e','97851362-2c22-4fa9-b5fc-c3b525d26818','f1824834-9351-435d-85f9-7db91666c9e4','loaded',8,2,1770959335000,1771156941733,35.0,NULL,8,NULL,1,NULL,NULL);
INSERT INTO workout_exercise VALUES('cfd151d0-02be-43db-8871-535e9ee319ee','97851362-2c22-4fa9-b5fc-c3b525d26818','78709549-2550-4ca7-ad67-673777682d96','loaded',8,4,1770959335000,1771156954031,56.0,NULL,11,NULL,2,NULL,NULL);
INSERT INTO workout_exercise VALUES('1c8d755d-b1d5-4358-8cc9-1938cf132884','97851362-2c22-4fa9-b5fc-c3b525d26818','7227c8a2-89cd-46ec-a41a-23ec27cce126','loaded',8,2,1770959335000,1771156965384,65.0,NULL,8,NULL,3,NULL,NULL);
INSERT INTO workout_exercise VALUES('38af83ca-f615-4142-ad22-dcb5e8176178','97851362-2c22-4fa9-b5fc-c3b525d26818','ceeaf956-ef41-4b66-b1ad-27df4784c14d','loaded',8,3,1770959335000,1771156973480,14.0,NULL,8,NULL,4,NULL,NULL);
INSERT INTO workout_exercise VALUES('3b928203-c6c8-4d0a-9e57-e9be2d5b137a','97851362-2c22-4fa9-b5fc-c3b525d26818','cbc0db4b-a4b3-4db7-97dc-3d2959427db1','loaded',8,3,1770959335000,1771156981371,80.0,NULL,8,NULL,5,NULL,NULL);
INSERT INTO workout_exercise VALUES('8f05cd8a-28a3-42a7-b9e4-5db6d18525c7','97851362-2c22-4fa9-b5fc-c3b525d26818','fd4ce2f4-8f9e-4ddf-a4bd-3f06b1ed5945','loaded',8,3,1770959335000,1771156999857,30.0,NULL,7,NULL,6,NULL,NULL);
INSERT INTO workout_exercise VALUES('f34827ba-db09-482d-baf1-f5562fe18496','cddad869-038a-40cd-89c6-afe1d0058be3','413db5a0-47fb-48da-b9c3-d3267c427613','loaded',8,4,1770959335000,1771157010455,260.0,NULL,8,NULL,0,NULL,NULL);
INSERT INTO workout_exercise VALUES('233fa456-a04e-4dc3-a7bb-6a55b3e4945c','cddad869-038a-40cd-89c6-afe1d0058be3','6976de9f-8034-443e-8952-10e4590fd576','loaded',8,2,1770959335000,1771157020762,100.0,NULL,7,NULL,1,NULL,NULL);
INSERT INTO workout_exercise VALUES('15d3eb81-d59a-496f-8959-9e84397e560e','cddad869-038a-40cd-89c6-afe1d0058be3','6eaf5bd1-5b7b-469a-9705-b25dc40e36d6','loaded',8,4,1770959335000,1771157035092,60.0,NULL,9,NULL,2,NULL,NULL);
INSERT INTO workout_exercise VALUES('c94895ad-3212-4f8c-82fc-e1bd56e7b975','cddad869-038a-40cd-89c6-afe1d0058be3','18f22ad0-47a4-4d3e-ab77-ffe5c76932ba','loaded',8,4,1770959335000,1771157046409,110.0,NULL,8,NULL,3,NULL,NULL);
INSERT INTO workout_exercise VALUES('4c41b1fa-8987-4de6-8323-1f0a2e93873a','cddad869-038a-40cd-89c6-afe1d0058be3','5da44942-bc01-46ff-82b7-300fe401d783','loaded',8,4,1770959335000,1771157058422,12.0,NULL,8,NULL,4,NULL,NULL);
INSERT INTO workout_exercise VALUES('4c561d80-515b-45ed-857e-3fab90e88841','de7a23f3-6962-4c32-825f-5855308e9f92','26a90782-edcf-42ec-af19-0b8415f5c9f8','pending',8,4,1771157058000,NULL,NULL,NULL,NULL,'progressed_reps',0,NULL,NULL);
INSERT INTO workout_exercise VALUES('31c7b13b-4df4-4862-866c-6547622d3d43','de7a23f3-6962-4c32-825f-5855308e9f92','b48e67e3-8de9-4fbe-879f-0e875058113b','pending',8,2,1771157058000,NULL,NULL,NULL,NULL,'progressed_reps',1,NULL,NULL);
INSERT INTO workout_exercise VALUES('70bf42b0-7bfa-4932-837c-8bb75a041f0e','de7a23f3-6962-4c32-825f-5855308e9f92','12f810c0-9f61-4eae-aca0-7fab09edb0b1','pending',8,4,1771157058000,NULL,NULL,NULL,NULL,'progressed_reps',2,NULL,NULL);
INSERT INTO workout_exercise VALUES('bcaf4056-3098-47c8-b61d-53aa9c929716','de7a23f3-6962-4c32-825f-5855308e9f92','b613025f-fcaa-4aef-96b8-3b62db1f7037','pending',8,2,1771157058000,NULL,NULL,NULL,NULL,'progressed_reps',3,NULL,NULL);
INSERT INTO workout_exercise VALUES('8bc9acb5-5f5e-427c-a9d7-aa0dfacfdf5b','de7a23f3-6962-4c32-825f-5855308e9f92','0ee1b435-4527-4397-873a-e37a9de5fdcd','pending',8,3,1771157058000,NULL,NULL,NULL,NULL,'progressed_reps',4,NULL,NULL);
INSERT INTO workout_exercise VALUES('d0bb55cb-cbd4-4fbe-bbc3-97ee43fc4fdf','de7a23f3-6962-4c32-825f-5855308e9f92','72d721bb-6650-4939-9d9b-a04d5c0825aa','pending',8,3,1771157058000,NULL,NULL,NULL,NULL,'progressed_reps',5,NULL,NULL);
INSERT INTO workout_exercise VALUES('28b11dba-815e-4d95-b41a-1eda178a3196','de7a23f3-6962-4c32-825f-5855308e9f92','99385e35-acf7-479a-b711-1efef63e9864','pending',8,3,1771157058000,NULL,NULL,NULL,NULL,'progressed_reps',6,NULL,NULL);
INSERT INTO workout_exercise VALUES('daef6ee2-8efd-4aa1-b9de-dfab28c9fd1a','9381d002-d65c-46db-84c2-4d1cb0020cd7','2bb30c14-b2ac-41e7-82d5-cec31f6750e8','pending',8,4,1771157058000,NULL,NULL,NULL,NULL,'progressed_reps',0,NULL,NULL);
INSERT INTO workout_exercise VALUES('d30f0a1f-1b6a-4b9d-82f7-9baeb30eab0f','9381d002-d65c-46db-84c2-4d1cb0020cd7','ec66370f-06a8-4d8a-887d-3d2addf7f662','pending',8,2,1771157058000,NULL,NULL,NULL,NULL,'progressed_reps',1,NULL,NULL);
INSERT INTO workout_exercise VALUES('4607741d-9e55-4440-8e90-3adba79688cd','9381d002-d65c-46db-84c2-4d1cb0020cd7','52b9afab-df7c-4739-ba89-dd1a4b19e899','pending',8,4,1771157058000,NULL,NULL,NULL,NULL,'progressed_reps',2,NULL,NULL);
INSERT INTO workout_exercise VALUES('22b00c7e-5dbc-4851-a479-3d102a2ec2ae','9381d002-d65c-46db-84c2-4d1cb0020cd7','daa7b893-93fa-44f4-978e-6f44ce434087','pending',8,4,1771157058000,NULL,NULL,NULL,NULL,'progressed_reps',3,NULL,NULL);
INSERT INTO workout_exercise VALUES('cbda0f9a-030d-458b-ae13-caf1901c0b0a','9381d002-d65c-46db-84c2-4d1cb0020cd7','ef52e5f7-ba8d-42bf-b772-c06b0ff3ce50','pending',8,4,1771157058000,NULL,NULL,NULL,NULL,'progressed_reps',4,NULL,NULL);
INSERT INTO workout_exercise VALUES('9b3727e9-89a0-4d6b-becf-31981e1fb3a9','ef2a764b-7b84-4a75-8eac-a5cdb7c7acca','5c1fd719-a5de-43c4-887a-aa1325d2e46e','pending',8,4,1771157058000,NULL,NULL,NULL,NULL,'progressed_reps',0,NULL,NULL);
INSERT INTO workout_exercise VALUES('967ef64a-8308-4b8d-985a-527aa1e6c013','ef2a764b-7b84-4a75-8eac-a5cdb7c7acca','f1824834-9351-435d-85f9-7db91666c9e4','pending',8,2,1771157058000,NULL,NULL,NULL,NULL,'progressed_reps',1,NULL,NULL);
INSERT INTO workout_exercise VALUES('680351a5-9e7f-457f-875a-e9e473651c9d','ef2a764b-7b84-4a75-8eac-a5cdb7c7acca','78709549-2550-4ca7-ad67-673777682d96','pending',8,4,1771157058000,NULL,NULL,NULL,NULL,'progressed_reps',2,NULL,NULL);
INSERT INTO workout_exercise VALUES('6f36ef91-bbcc-4d86-a8c6-bda288e05a86','ef2a764b-7b84-4a75-8eac-a5cdb7c7acca','7227c8a2-89cd-46ec-a41a-23ec27cce126','pending',8,2,1771157058000,NULL,NULL,NULL,NULL,'progressed_reps',3,NULL,NULL);
INSERT INTO workout_exercise VALUES('33f5146a-cabc-4812-94a4-f210d94b4625','ef2a764b-7b84-4a75-8eac-a5cdb7c7acca','ceeaf956-ef41-4b66-b1ad-27df4784c14d','pending',8,3,1771157058000,NULL,NULL,NULL,NULL,'progressed_reps',4,NULL,NULL);
INSERT INTO workout_exercise VALUES('3ea37de7-796e-4d24-9690-b224cc0958b8','ef2a764b-7b84-4a75-8eac-a5cdb7c7acca','cbc0db4b-a4b3-4db7-97dc-3d2959427db1','pending',8,3,1771157058000,NULL,NULL,NULL,NULL,'progressed_reps',5,NULL,NULL);
INSERT INTO workout_exercise VALUES('4c1dac74-4f85-483d-94c8-06d240181656','ef2a764b-7b84-4a75-8eac-a5cdb7c7acca','fd4ce2f4-8f9e-4ddf-a4bd-3f06b1ed5945','pending',8,3,1771157058000,NULL,NULL,NULL,NULL,'progressed_reps',6,NULL,NULL);
INSERT INTO workout_exercise VALUES('f9c2380d-8e92-49d5-ad5e-ae96b599e83d','eb8c484b-b3d9-4170-bffe-b50094bfcc1a','413db5a0-47fb-48da-b9c3-d3267c427613','pending',8,4,1771157058000,NULL,NULL,NULL,NULL,'progressed_reps',0,NULL,NULL);
INSERT INTO workout_exercise VALUES('551be5d3-ead9-4c48-aab5-6d7b5b353edc','eb8c484b-b3d9-4170-bffe-b50094bfcc1a','6976de9f-8034-443e-8952-10e4590fd576','pending',8,2,1771157058000,NULL,NULL,NULL,NULL,'progressed_reps',1,NULL,NULL);
INSERT INTO workout_exercise VALUES('e4fbbd10-4cfc-44bc-ae6d-71c17cab2f55','eb8c484b-b3d9-4170-bffe-b50094bfcc1a','6eaf5bd1-5b7b-469a-9705-b25dc40e36d6','pending',8,4,1771157058000,NULL,NULL,NULL,NULL,'progressed_reps',2,NULL,NULL);
INSERT INTO workout_exercise VALUES('b223244f-7714-4d8a-98d0-6cd6aa842cf5','eb8c484b-b3d9-4170-bffe-b50094bfcc1a','18f22ad0-47a4-4d3e-ab77-ffe5c76932ba','pending',8,4,1771157058000,NULL,NULL,NULL,NULL,'progressed_reps',3,NULL,NULL);
INSERT INTO workout_exercise VALUES('39bc8fc2-859f-4a80-adfd-26f5f55c33e4','eb8c484b-b3d9-4170-bffe-b50094bfcc1a','5da44942-bc01-46ff-82b7-300fe401d783','pending',8,4,1771157059000,NULL,NULL,NULL,NULL,'progressed_reps',4,NULL,NULL);
INSERT INTO workout_exercise_set VALUES('9c4ac888-6f16-4d38-bfed-253fd8645393','b2f3ee46-beb6-41ef-8538-06316a7fb296','failed',0,10,86.0,1771054614691,1771054614691);
INSERT INTO workout_exercise_set VALUES('3435650a-908f-460f-a801-304207a6e7e7','b2f3ee46-beb6-41ef-8538-06316a7fb296','failed',1,10,86.0,1771054614694,1771054614694);
INSERT INTO workout_exercise_set VALUES('faa24d75-d850-4573-9485-6f8bd8426cc5','b2f3ee46-beb6-41ef-8538-06316a7fb296','failed',2,10,86.0,1771054614695,1771054614695);
INSERT INTO workout_exercise_set VALUES('30a570a1-bede-4b3b-8ab8-2dc2db6216e0','b2f3ee46-beb6-41ef-8538-06316a7fb296','failed',3,10,86.0,1771054614696,1771054614696);
INSERT INTO workout_exercise_set VALUES('b1f93778-61c4-428d-8466-fcbc2197c724','47b35785-0f6f-499a-82e2-71c654d4818b','done',0,10,60.0,1771156783388,1771156783388);
INSERT INTO workout_exercise_set VALUES('8ba42428-38df-4c14-b3a7-2079d94ca898','47b35785-0f6f-499a-82e2-71c654d4818b','done',1,10,60.0,1771156783391,1771156783391);
INSERT INTO workout_exercise_set VALUES('15039b58-de59-4de7-8158-b8ce2f8b09f1','47b35785-0f6f-499a-82e2-71c654d4818b','done',2,10,60.0,1771156783392,1771156783392);
INSERT INTO workout_exercise_set VALUES('7697dcee-7b7e-4b16-beae-309171c512a6','47b35785-0f6f-499a-82e2-71c654d4818b','done',3,10,60.0,1771156783392,1771156783392);
INSERT INTO workout_exercise_set VALUES('5163ee73-ff7a-484d-abcb-2a4ddffe73d5','65871104-f9c9-4d7e-96bc-c871a8d0c353','done',0,10,101.0,1771156796705,1771156796705);
INSERT INTO workout_exercise_set VALUES('dfce7595-1b25-46fb-b96e-957791ab960b','65871104-f9c9-4d7e-96bc-c871a8d0c353','done',1,10,101.0,1771156796707,1771156796707);
INSERT INTO workout_exercise_set VALUES('90c4f95a-1c43-4424-a418-90043347fb4e','51f6cf95-239f-4765-a9d0-f396a99ed6e3','done',0,10,62.0,1771156808207,1771156808207);
INSERT INTO workout_exercise_set VALUES('38ce0590-9a23-4c3d-be96-ce6efc8881dd','51f6cf95-239f-4765-a9d0-f396a99ed6e3','done',1,10,62.0,1771156808208,1771156808208);
INSERT INTO workout_exercise_set VALUES('6461f580-3f1f-4a0d-a03f-166ea338d813','d00e7ab3-2078-4f74-b0fa-5c9f2dbcc3b2','done',0,10,27.0,1771156821777,1771156821777);
INSERT INTO workout_exercise_set VALUES('6d313eac-ed53-496e-869c-7c8ff9daaca1','d00e7ab3-2078-4f74-b0fa-5c9f2dbcc3b2','done',1,10,27.0,1771156821778,1771156821778);
INSERT INTO workout_exercise_set VALUES('12a8314f-08c2-4db0-a600-b1070da29760','d00e7ab3-2078-4f74-b0fa-5c9f2dbcc3b2','done',2,10,27.0,1771156821779,1771156821779);
INSERT INTO workout_exercise_set VALUES('96d83fc6-032b-4b3f-9815-15ffbc3837cc','57e503b3-d59a-4473-93dd-603aee6505d8','done',0,10,34.0,1771156831557,1771156831557);
INSERT INTO workout_exercise_set VALUES('11933000-fbb6-4e1e-a917-d18a5f73dba6','57e503b3-d59a-4473-93dd-603aee6505d8','done',1,10,34.0,1771156831558,1771156831558);
INSERT INTO workout_exercise_set VALUES('cd334d35-9b4d-43e5-a371-7c9b3b17e881','57e503b3-d59a-4473-93dd-603aee6505d8','done',2,10,34.0,1771156831559,1771156831559);
INSERT INTO workout_exercise_set VALUES('e96d4f7e-bf1d-440d-b7c4-72d59b661a3a','f2bc60c5-e95f-4a2d-adef-d2161b565848','done',0,10,32.0,1771156840884,1771156840884);
INSERT INTO workout_exercise_set VALUES('0262e1fd-cdf8-4858-923f-cee5506a08c3','f2bc60c5-e95f-4a2d-adef-d2161b565848','done',1,10,32.0,1771156840885,1771156840885);
INSERT INTO workout_exercise_set VALUES('90dee001-72f7-405c-ba79-3af181abf2a1','f2bc60c5-e95f-4a2d-adef-d2161b565848','done',2,10,32.0,1771156840887,1771156840887);
INSERT INTO workout_exercise_set VALUES('ce2dd021-0855-4823-af55-d14958b9ef21','cbefa136-8544-40b3-8fc2-18904be78ab7','done',0,10,86.0,1771156855969,1771156855969);
INSERT INTO workout_exercise_set VALUES('1a18a6e0-2f23-4450-a572-bd9f115e6512','cbefa136-8544-40b3-8fc2-18904be78ab7','done',1,10,86.0,1771156855970,1771156855970);
INSERT INTO workout_exercise_set VALUES('a8a9d8eb-86e3-4e15-9aeb-bc9005880772','cbefa136-8544-40b3-8fc2-18904be78ab7','done',2,10,86.0,1771156855971,1771156855971);
INSERT INTO workout_exercise_set VALUES('c9c33e31-74f5-4571-b4a6-ef3baa658654','cbefa136-8544-40b3-8fc2-18904be78ab7','done',3,10,86.0,1771156855972,1771156855972);
INSERT INTO workout_exercise_set VALUES('ff238289-7291-4e0d-9d23-c18e1a027741','64d730fb-1481-4e2e-a389-e0c0f93505ce','done',0,10,57.0,1771156868143,1771156868143);
INSERT INTO workout_exercise_set VALUES('d41813a0-e11c-4dc7-99fb-22e9379973ba','64d730fb-1481-4e2e-a389-e0c0f93505ce','done',1,10,57.0,1771156868144,1771156868144);
INSERT INTO workout_exercise_set VALUES('9bcb9b72-0688-44cd-a7ae-af00f0ef63b4','c101a813-f84b-4dda-a5d2-2e00b9b33bf0','done',0,10,86.0,1771156878440,1771156878440);
INSERT INTO workout_exercise_set VALUES('8126e915-5691-46e9-89c3-e63982cacb2d','c101a813-f84b-4dda-a5d2-2e00b9b33bf0','done',1,10,86.0,1771156878441,1771156878441);
INSERT INTO workout_exercise_set VALUES('63ff2fc2-4434-4897-9b6f-e899818d37b4','c101a813-f84b-4dda-a5d2-2e00b9b33bf0','done',2,10,86.0,1771156878442,1771156878442);
INSERT INTO workout_exercise_set VALUES('050caeb0-09b4-4767-8b04-05a81b430d28','c101a813-f84b-4dda-a5d2-2e00b9b33bf0','done',3,10,86.0,1771156878443,1771156878443);
INSERT INTO workout_exercise_set VALUES('f9729c95-e915-4adf-ae08-3f9733a6fb28','011e0a77-1e6b-4eca-8fa7-7d45f3f516cc','done',0,10,48.0,1771156891902,1771156891902);
INSERT INTO workout_exercise_set VALUES('177dbe45-10f5-4d85-9238-38ee33958d73','011e0a77-1e6b-4eca-8fa7-7d45f3f516cc','done',1,10,48.0,1771156891903,1771156891903);
INSERT INTO workout_exercise_set VALUES('d36269e1-fbe2-4c9f-82b3-15e4363f2fb1','011e0a77-1e6b-4eca-8fa7-7d45f3f516cc','done',2,10,48.0,1771156891904,1771156891904);
INSERT INTO workout_exercise_set VALUES('a0b00ae2-ac0a-4ae6-8438-f62596867e11','011e0a77-1e6b-4eca-8fa7-7d45f3f516cc','done',3,10,48.0,1771156891905,1771156891905);
INSERT INTO workout_exercise_set VALUES('11df8f7c-9e7a-4d44-8d44-b11c937d4749','8ba5ec3f-cf0f-4b81-9803-54fd98cb1f4a','done',0,10,13.0,1771156909142,1771156909142);
INSERT INTO workout_exercise_set VALUES('1c810a63-f15d-45c5-bae2-65d8b493cc71','8ba5ec3f-cf0f-4b81-9803-54fd98cb1f4a','done',1,10,13.0,1771156909144,1771156909144);
INSERT INTO workout_exercise_set VALUES('ab878c0a-8672-4820-be17-6273e380ea81','8ba5ec3f-cf0f-4b81-9803-54fd98cb1f4a','done',2,10,13.0,1771156909145,1771156909145);
INSERT INTO workout_exercise_set VALUES('37de627b-bab8-478e-b805-c78775570b76','8ba5ec3f-cf0f-4b81-9803-54fd98cb1f4a','done',3,10,13.0,1771156909145,1771156909145);
INSERT INTO workout_exercise_set VALUES('b6c6f9ed-c36b-4fe5-b837-897713463a7d','d94d7846-3318-4a80-941f-15f3e03e76a4','done',0,10,38.0,1771156926707,1771156926707);
INSERT INTO workout_exercise_set VALUES('ac8b0b66-f6e9-4651-b2f4-8e3f4307ee85','d94d7846-3318-4a80-941f-15f3e03e76a4','done',1,10,38.0,1771156926708,1771156926708);
INSERT INTO workout_exercise_set VALUES('5ceb2d4c-9988-47a4-bb4e-af3d7dc6552b','d94d7846-3318-4a80-941f-15f3e03e76a4','done',2,10,38.0,1771156926710,1771156926710);
INSERT INTO workout_exercise_set VALUES('05100a31-1e7e-4dee-b314-001f0bf7a662','d94d7846-3318-4a80-941f-15f3e03e76a4','done',3,10,38.0,1771156926711,1771156926711);
INSERT INTO workout_exercise_set VALUES('133cd299-2c10-4048-87b6-c7bb33cc2c0f','ca03c623-6aec-48af-ad21-c58409bfad1e','done',0,10,30.0,1771156939310,1771156939310);
INSERT INTO workout_exercise_set VALUES('6bed23ca-0f76-4a31-b8da-bbbf3798d3a8','ca03c623-6aec-48af-ad21-c58409bfad1e','done',1,10,30.0,1771156939311,1771156939311);
INSERT INTO workout_exercise_set VALUES('6b27be96-b84e-4389-bf32-0c8277e5b774','cfd151d0-02be-43db-8871-535e9ee319ee','done',0,10,52.0,1771156951288,1771156951288);
INSERT INTO workout_exercise_set VALUES('7430f227-b4bf-4584-8da2-a931b227ded9','cfd151d0-02be-43db-8871-535e9ee319ee','done',1,10,52.0,1771156951289,1771156951289);
INSERT INTO workout_exercise_set VALUES('525bfa8f-a95c-42e0-b00a-657ab51e18ea','cfd151d0-02be-43db-8871-535e9ee319ee','done',2,10,52.0,1771156951290,1771156951290);
INSERT INTO workout_exercise_set VALUES('90d5d5f6-3c57-455d-ad0e-6361705967f2','cfd151d0-02be-43db-8871-535e9ee319ee','done',3,10,52.0,1771156951291,1771156951291);
INSERT INTO workout_exercise_set VALUES('4acf72cb-b301-43c1-bbcd-7bc3a6fa1670','1c8d755d-b1d5-4358-8cc9-1938cf132884','done',0,10,56.0,1771156964190,1771156964190);
INSERT INTO workout_exercise_set VALUES('5b80d8fc-214c-43d7-b99e-935da846341a','1c8d755d-b1d5-4358-8cc9-1938cf132884','done',1,10,56.0,1771156964191,1771156964191);
INSERT INTO workout_exercise_set VALUES('1676916d-06c5-4152-ade4-dce90da51af5','38af83ca-f615-4142-ad22-dcb5e8176178','done',0,10,12.0,1771156971973,1771156971973);
INSERT INTO workout_exercise_set VALUES('ca1cf32d-458a-4a6a-b3e0-a993f1dc5377','38af83ca-f615-4142-ad22-dcb5e8176178','done',1,10,12.0,1771156971974,1771156971974);
INSERT INTO workout_exercise_set VALUES('47137ccb-a3bb-4bc8-b6d7-1c32c505dcbc','38af83ca-f615-4142-ad22-dcb5e8176178','done',2,10,12.0,1771156971975,1771156971975);
INSERT INTO workout_exercise_set VALUES('22e8a5e1-8eb7-4e16-a728-1e74dffed595','3b928203-c6c8-4d0a-9e57-e9be2d5b137a','done',0,10,69.0,1771156979723,1771156979723);
INSERT INTO workout_exercise_set VALUES('8ff8e5db-0247-4890-81da-a7c569a99890','3b928203-c6c8-4d0a-9e57-e9be2d5b137a','done',1,10,69.0,1771156979725,1771156979725);
INSERT INTO workout_exercise_set VALUES('5bb18932-079a-49a1-83f9-353a2e566cd5','3b928203-c6c8-4d0a-9e57-e9be2d5b137a','done',2,10,69.0,1771156979726,1771156979726);
INSERT INTO workout_exercise_set VALUES('c91ca107-17cd-4018-b4f8-3d071bf275ed','8f05cd8a-28a3-42a7-b9e4-5db6d18525c7','done',0,10,24.0,1771156998261,1771156998261);
INSERT INTO workout_exercise_set VALUES('d2d8b645-1000-45f7-9c92-5c964069cf2f','8f05cd8a-28a3-42a7-b9e4-5db6d18525c7','done',1,10,24.0,1771156998262,1771156998262);
INSERT INTO workout_exercise_set VALUES('2864b717-8ec3-48a1-9674-ecc4b4d38fac','8f05cd8a-28a3-42a7-b9e4-5db6d18525c7','done',2,10,24.0,1771156998263,1771156998263);
INSERT INTO workout_exercise_set VALUES('8d484c90-a425-4bc7-818c-bcb1bde21303','f34827ba-db09-482d-baf1-f5562fe18496','done',0,10,224.0,1771157008444,1771157008444);
INSERT INTO workout_exercise_set VALUES('a660fde4-6556-4864-a709-f4722b9da18c','f34827ba-db09-482d-baf1-f5562fe18496','done',1,10,224.0,1771157008445,1771157008445);
INSERT INTO workout_exercise_set VALUES('058b75ad-1d3b-43ba-ba72-de98b9821da8','f34827ba-db09-482d-baf1-f5562fe18496','done',2,10,224.0,1771157008446,1771157008446);
INSERT INTO workout_exercise_set VALUES('4e009f9a-fddd-4190-a1f5-f73473291196','f34827ba-db09-482d-baf1-f5562fe18496','done',3,10,224.0,1771157008447,1771157008447);
INSERT INTO workout_exercise_set VALUES('d096944a-ba93-443d-96a5-15af12052108','233fa456-a04e-4dc3-a7bb-6a55b3e4945c','done',0,10,80.0,1771157019782,1771157019782);
INSERT INTO workout_exercise_set VALUES('fc0217b2-0950-4636-a66e-34ed73797679','233fa456-a04e-4dc3-a7bb-6a55b3e4945c','done',1,10,80.0,1771157019784,1771157019784);
INSERT INTO workout_exercise_set VALUES('99b80b5e-d511-4bbc-9b21-d5bba4cfe302','15d3eb81-d59a-496f-8959-9e84397e560e','done',0,10,50.0,1771157033209,1771157033209);
INSERT INTO workout_exercise_set VALUES('87e46548-14c4-4f75-8fa6-eb71b9781599','15d3eb81-d59a-496f-8959-9e84397e560e','done',1,10,50.0,1771157033210,1771157033210);
INSERT INTO workout_exercise_set VALUES('24ace6f5-b192-42c4-b7d5-9950b1a4895d','15d3eb81-d59a-496f-8959-9e84397e560e','done',2,10,50.0,1771157033211,1771157033211);
INSERT INTO workout_exercise_set VALUES('e2db45b1-4312-4a3e-9612-9af0a9a16c45','15d3eb81-d59a-496f-8959-9e84397e560e','done',3,10,50.0,1771157033212,1771157033212);
INSERT INTO workout_exercise_set VALUES('ec362f7e-c185-46d3-99ad-c05f93066070','c94895ad-3212-4f8c-82fc-e1bd56e7b975','done',0,10,95.0,1771157043524,1771157043524);
INSERT INTO workout_exercise_set VALUES('a37e6da0-cfea-4be9-b5b6-b80ea78d38f2','c94895ad-3212-4f8c-82fc-e1bd56e7b975','done',1,10,95.0,1771157043525,1771157043525);
INSERT INTO workout_exercise_set VALUES('ad9e3b48-62e1-48e4-805c-a40017c94b05','c94895ad-3212-4f8c-82fc-e1bd56e7b975','done',2,10,95.0,1771157043526,1771157043526);
INSERT INTO workout_exercise_set VALUES('16566a68-6339-4087-bcf8-0076dddd1076','c94895ad-3212-4f8c-82fc-e1bd56e7b975','done',3,10,95.0,1771157043526,1771157043526);
INSERT INTO workout_exercise_set VALUES('c3066ff2-fa2e-4d11-af7a-83bc5f3f6696','4c41b1fa-8987-4de6-8323-1f0a2e93873a','done',0,10,10.0,1771157056148,1771157056148);
INSERT INTO workout_exercise_set VALUES('725da730-bbf5-4fbb-80cc-2f04dc06bc4b','4c41b1fa-8987-4de6-8323-1f0a2e93873a','done',1,10,10.0,1771157056149,1771157056149);
INSERT INTO workout_exercise_set VALUES('0d93363f-7d4b-48e7-a23b-d9ab8702453b','4c41b1fa-8987-4de6-8323-1f0a2e93873a','done',2,10,10.0,1771157056150,1771157056150);
INSERT INTO workout_exercise_set VALUES('53e29a82-3749-4a12-9a62-dc4d70c30b1f','4c41b1fa-8987-4de6-8323-1f0a2e93873a','done',3,10,10.0,1771157056151,1771157056151);
INSERT INTO workout_exercise_set VALUES('f0636c21-a2f2-432c-957d-9d8498b06b9d','4c561d80-515b-45ed-857e-3fab90e88841','pending',0,8,86.0,1771157059008,1771157059008);
INSERT INTO workout_exercise_set VALUES('b4ceda65-2630-4bdf-af7b-7a1fd2b0961c','4c561d80-515b-45ed-857e-3fab90e88841','pending',1,8,86.0,1771157059010,1771157059010);
INSERT INTO workout_exercise_set VALUES('8bec9592-f57e-4d7b-9b83-d8c67f0ad00a','4c561d80-515b-45ed-857e-3fab90e88841','pending',2,8,86.0,1771157059011,1771157059011);
INSERT INTO workout_exercise_set VALUES('24b356ad-8897-4d4f-a573-629826b60448','4c561d80-515b-45ed-857e-3fab90e88841','pending',3,8,86.0,1771157059012,1771157059012);
INSERT INTO workout_exercise_set VALUES('55001298-e0c2-4065-80f3-ed7d8cd871db','31c7b13b-4df4-4862-866c-6547622d3d43','pending',0,8,106.0,1771157059015,1771157059015);
INSERT INTO workout_exercise_set VALUES('88ed4a59-ce05-49dd-9b0f-08caa6bcdb98','31c7b13b-4df4-4862-866c-6547622d3d43','pending',1,8,106.0,1771157059016,1771157059016);
INSERT INTO workout_exercise_set VALUES('0fc9242b-c1d4-4c45-a84a-0306d0ebd468','70bf42b0-7bfa-4932-837c-8bb75a041f0e','pending',0,8,60.0,1771157059018,1771157059018);
INSERT INTO workout_exercise_set VALUES('390201cd-1356-439b-bf93-6826aed49fc9','70bf42b0-7bfa-4932-837c-8bb75a041f0e','pending',1,8,60.0,1771157059019,1771157059019);
INSERT INTO workout_exercise_set VALUES('09267a82-2bc1-4f17-bec7-4128f318a11b','70bf42b0-7bfa-4932-837c-8bb75a041f0e','pending',2,8,60.0,1771157059020,1771157059020);
INSERT INTO workout_exercise_set VALUES('bdd95f40-1a37-4d6a-ac4c-f9a47c1f1f71','70bf42b0-7bfa-4932-837c-8bb75a041f0e','pending',3,8,60.0,1771157059020,1771157059020);
INSERT INTO workout_exercise_set VALUES('56c241fa-04d2-4684-947d-8a9361a7f696','bcaf4056-3098-47c8-b61d-53aa9c929716','pending',0,8,62.0,1771157059023,1771157059023);
INSERT INTO workout_exercise_set VALUES('e12fef57-6f4f-497d-8a72-4a81e216ef9e','bcaf4056-3098-47c8-b61d-53aa9c929716','pending',1,8,62.0,1771157059023,1771157059023);
INSERT INTO workout_exercise_set VALUES('969ca966-3c63-4131-a6e2-71d7c60d97a1','8bc9acb5-5f5e-427c-a9d7-aa0dfacfdf5b','pending',0,8,29.0,1771157059025,1771157059025);
INSERT INTO workout_exercise_set VALUES('ac7e593c-35d2-4f47-ae5e-6fc183e1f7b3','8bc9acb5-5f5e-427c-a9d7-aa0dfacfdf5b','pending',1,8,29.0,1771157059026,1771157059026);
INSERT INTO workout_exercise_set VALUES('bd6ad6bf-3bdf-48c2-8cc5-cbbfa96a0e9c','8bc9acb5-5f5e-427c-a9d7-aa0dfacfdf5b','pending',2,8,29.0,1771157059027,1771157059027);
INSERT INTO workout_exercise_set VALUES('08b9faa4-01de-4b63-b710-47f5c8548354','d0bb55cb-cbd4-4fbe-bbc3-97ee43fc4fdf','pending',0,8,34.0,1771157059029,1771157059029);
INSERT INTO workout_exercise_set VALUES('2f169e8e-6965-4ecc-8a65-a5df8af588af','d0bb55cb-cbd4-4fbe-bbc3-97ee43fc4fdf','pending',1,8,34.0,1771157059029,1771157059029);
INSERT INTO workout_exercise_set VALUES('ca535268-d97a-4479-8676-d36377c2afe9','d0bb55cb-cbd4-4fbe-bbc3-97ee43fc4fdf','pending',2,8,34.0,1771157059030,1771157059030);
INSERT INTO workout_exercise_set VALUES('e2f1e3bb-8f07-4410-a888-13aba803c152','28b11dba-815e-4d95-b41a-1eda178a3196','pending',0,8,32.0,1771157059032,1771157059032);
INSERT INTO workout_exercise_set VALUES('7294375a-da0d-471f-a467-e121c24bf016','28b11dba-815e-4d95-b41a-1eda178a3196','pending',1,8,32.0,1771157059033,1771157059033);
INSERT INTO workout_exercise_set VALUES('a3b9e28b-ff3f-42e7-89a3-3a6bfeb237e2','28b11dba-815e-4d95-b41a-1eda178a3196','pending',2,8,32.0,1771157059033,1771157059033);
INSERT INTO workout_exercise_set VALUES('890b38d1-b00e-4da6-a831-cfcb17fe2d2e','daef6ee2-8efd-4aa1-b9de-dfab28c9fd1a','pending',0,8,86.0,1771157059036,1771157059036);
INSERT INTO workout_exercise_set VALUES('86447443-04a6-4394-aab8-fa2104957254','daef6ee2-8efd-4aa1-b9de-dfab28c9fd1a','pending',1,8,86.0,1771157059037,1771157059037);
INSERT INTO workout_exercise_set VALUES('2720a969-d47b-4e25-b950-232bee2952ca','daef6ee2-8efd-4aa1-b9de-dfab28c9fd1a','pending',2,8,86.0,1771157059037,1771157059037);
INSERT INTO workout_exercise_set VALUES('54ce3e89-cf61-419c-9315-5dbf95533a41','daef6ee2-8efd-4aa1-b9de-dfab28c9fd1a','pending',3,8,86.0,1771157059038,1771157059038);
INSERT INTO workout_exercise_set VALUES('dba6a9d7-5800-42b5-8cd4-8f5be1ae7654','d30f0a1f-1b6a-4b9d-82f7-9baeb30eab0f','pending',0,8,60.0,1771157059040,1771157059040);
INSERT INTO workout_exercise_set VALUES('58574177-448f-49c1-865b-6ea6f6ca8319','d30f0a1f-1b6a-4b9d-82f7-9baeb30eab0f','pending',1,8,60.0,1771157059041,1771157059041);
INSERT INTO workout_exercise_set VALUES('6a14b8a3-10e2-42c9-b28c-b2c495dd77f6','4607741d-9e55-4440-8e90-3adba79688cd','pending',0,8,86.0,1771157059042,1771157059042);
INSERT INTO workout_exercise_set VALUES('f8a0ff96-c4ea-4fcd-8d7a-04dd3aec6f54','4607741d-9e55-4440-8e90-3adba79688cd','pending',1,8,86.0,1771157059043,1771157059043);
INSERT INTO workout_exercise_set VALUES('4e82a2fa-6124-46e5-b7ef-fb5533a5b20c','4607741d-9e55-4440-8e90-3adba79688cd','pending',2,8,86.0,1771157059044,1771157059044);
INSERT INTO workout_exercise_set VALUES('d9eefb20-c14d-4285-990e-3d18a7800ad7','4607741d-9e55-4440-8e90-3adba79688cd','pending',3,8,86.0,1771157059045,1771157059045);
INSERT INTO workout_exercise_set VALUES('b9224c6a-0b20-441c-9387-76fc8e400adc','22b00c7e-5dbc-4851-a479-3d102a2ec2ae','pending',0,8,50.0,1771157059047,1771157059047);
INSERT INTO workout_exercise_set VALUES('3cf02885-5eeb-4b69-af6e-1cfeb5264dd5','22b00c7e-5dbc-4851-a479-3d102a2ec2ae','pending',1,8,50.0,1771157059047,1771157059047);
INSERT INTO workout_exercise_set VALUES('21e6a290-f058-4a3a-9649-9c3785ac0cd3','22b00c7e-5dbc-4851-a479-3d102a2ec2ae','pending',2,8,50.0,1771157059048,1771157059048);
INSERT INTO workout_exercise_set VALUES('9293770b-1efd-4866-b1ee-c7f8d6ddcbc9','22b00c7e-5dbc-4851-a479-3d102a2ec2ae','pending',3,8,50.0,1771157059049,1771157059049);
INSERT INTO workout_exercise_set VALUES('8e477faa-a0b5-413d-8a16-2753eca22bf2','cbda0f9a-030d-458b-ae13-caf1901c0b0a','pending',0,8,13.0,1771157059051,1771157059051);
INSERT INTO workout_exercise_set VALUES('2ae115f9-aaea-4ae7-bf54-b993fd9c918a','cbda0f9a-030d-458b-ae13-caf1901c0b0a','pending',1,8,13.0,1771157059052,1771157059052);
INSERT INTO workout_exercise_set VALUES('97eaeaa0-2066-4265-a91c-fb3594d4c22a','cbda0f9a-030d-458b-ae13-caf1901c0b0a','pending',2,8,13.0,1771157059052,1771157059052);
INSERT INTO workout_exercise_set VALUES('d4821b90-c3e0-4adb-8acf-8d79b5105add','cbda0f9a-030d-458b-ae13-caf1901c0b0a','pending',3,8,13.0,1771157059053,1771157059053);
INSERT INTO workout_exercise_set VALUES('cfeb7edf-ab2c-4be5-9292-3b1f584004df','9b3727e9-89a0-4d6b-becf-31981e1fb3a9','pending',0,8,38.0,1771157059057,1771157059057);
INSERT INTO workout_exercise_set VALUES('63aea6cb-11ad-4414-aef5-96fddd1b22c5','9b3727e9-89a0-4d6b-becf-31981e1fb3a9','pending',1,8,38.0,1771157059058,1771157059058);
INSERT INTO workout_exercise_set VALUES('b78a06bb-0db4-4e92-a8d4-eda57a523f03','9b3727e9-89a0-4d6b-becf-31981e1fb3a9','pending',2,8,38.0,1771157059058,1771157059058);
INSERT INTO workout_exercise_set VALUES('cbc48f81-ef17-4a7b-bf76-889e41adaa1a','9b3727e9-89a0-4d6b-becf-31981e1fb3a9','pending',3,8,38.0,1771157059059,1771157059059);
INSERT INTO workout_exercise_set VALUES('39e5b9c5-6e09-436f-83d6-84eaf40d4b47','967ef64a-8308-4b8d-985a-527aa1e6c013','pending',0,8,30.0,1771157059061,1771157059061);
INSERT INTO workout_exercise_set VALUES('7f85feb9-914b-49af-98d8-d4a35db7df9e','967ef64a-8308-4b8d-985a-527aa1e6c013','pending',1,8,30.0,1771157059062,1771157059062);
INSERT INTO workout_exercise_set VALUES('df81e7e0-6840-41d4-89b9-25d206fc67ac','680351a5-9e7f-457f-875a-e9e473651c9d','pending',0,8,52.0,1771157059064,1771157059064);
INSERT INTO workout_exercise_set VALUES('7882b355-4fd0-49aa-b123-2e510ad89131','680351a5-9e7f-457f-875a-e9e473651c9d','pending',1,8,52.0,1771157059065,1771157059065);
INSERT INTO workout_exercise_set VALUES('ce0a9661-1d31-4058-a07e-ab4f65b08192','680351a5-9e7f-457f-875a-e9e473651c9d','pending',2,8,52.0,1771157059066,1771157059066);
INSERT INTO workout_exercise_set VALUES('5bcbb8fa-2743-4d99-82b7-228bf89edb76','680351a5-9e7f-457f-875a-e9e473651c9d','pending',3,8,52.0,1771157059067,1771157059067);
INSERT INTO workout_exercise_set VALUES('b3080b33-4c36-4793-b06a-3e6851aaaac9','6f36ef91-bbcc-4d86-a8c6-bda288e05a86','pending',0,8,56.0,1771157059068,1771157059068);
INSERT INTO workout_exercise_set VALUES('c62b0700-d450-41a3-b562-1907cead7523','6f36ef91-bbcc-4d86-a8c6-bda288e05a86','pending',1,8,56.0,1771157059069,1771157059069);
INSERT INTO workout_exercise_set VALUES('522e9e26-d889-4112-b71d-7cbdffb03754','33f5146a-cabc-4812-94a4-f210d94b4625','pending',0,8,12.0,1771157059071,1771157059071);
INSERT INTO workout_exercise_set VALUES('0438811d-8bbb-486a-ab75-eb9cdf800301','33f5146a-cabc-4812-94a4-f210d94b4625','pending',1,8,12.0,1771157059071,1771157059071);
INSERT INTO workout_exercise_set VALUES('6590c429-9291-4689-9e7f-b3fc72cf9d22','33f5146a-cabc-4812-94a4-f210d94b4625','pending',2,8,12.0,1771157059072,1771157059072);
INSERT INTO workout_exercise_set VALUES('7e423615-520b-4bf3-ad94-fb5e08e52ef4','3ea37de7-796e-4d24-9690-b224cc0958b8','pending',0,8,69.0,1771157059074,1771157059074);
INSERT INTO workout_exercise_set VALUES('9e7d2d5e-03ad-4cb7-b847-6b83db9e2060','3ea37de7-796e-4d24-9690-b224cc0958b8','pending',1,8,69.0,1771157059075,1771157059075);
INSERT INTO workout_exercise_set VALUES('7b9cfe60-2ea8-40a6-af97-e125addd504f','3ea37de7-796e-4d24-9690-b224cc0958b8','pending',2,8,69.0,1771157059075,1771157059075);
INSERT INTO workout_exercise_set VALUES('4f361a27-df90-47c4-9176-55bcdc101a49','4c1dac74-4f85-483d-94c8-06d240181656','pending',0,8,25.0,1771157059077,1771157059077);
INSERT INTO workout_exercise_set VALUES('acefa2da-2c05-430f-b2d3-7d58abf10ddb','4c1dac74-4f85-483d-94c8-06d240181656','pending',1,8,25.0,1771157059078,1771157059078);
INSERT INTO workout_exercise_set VALUES('f55df961-f589-4163-947e-7b6309746def','4c1dac74-4f85-483d-94c8-06d240181656','pending',2,8,25.0,1771157059079,1771157059079);
INSERT INTO workout_exercise_set VALUES('32630c38-0f4b-49d8-b0cb-fbff53b3ba73','f9c2380d-8e92-49d5-ad5e-ae96b599e83d','pending',0,8,224.0,1771157059082,1771157059082);
INSERT INTO workout_exercise_set VALUES('b890d5f9-f48b-4fbf-bfb6-f3b87ea81ba4','f9c2380d-8e92-49d5-ad5e-ae96b599e83d','pending',1,8,224.0,1771157059082,1771157059082);
INSERT INTO workout_exercise_set VALUES('c990421e-249d-452c-99a4-7f401ca8b643','f9c2380d-8e92-49d5-ad5e-ae96b599e83d','pending',2,8,224.0,1771157059083,1771157059083);
INSERT INTO workout_exercise_set VALUES('6a8a4f2f-521a-4a65-8627-d4cb5df4bf04','f9c2380d-8e92-49d5-ad5e-ae96b599e83d','pending',3,8,224.0,1771157059084,1771157059084);
INSERT INTO workout_exercise_set VALUES('c0c54038-f25a-499f-89a3-375f2efb4ff6','551be5d3-ead9-4c48-aab5-6d7b5b353edc','pending',0,8,84.0,1771157059086,1771157059086);
INSERT INTO workout_exercise_set VALUES('35bb92ac-1882-43a0-9a27-cc563f11e033','551be5d3-ead9-4c48-aab5-6d7b5b353edc','pending',1,8,84.0,1771157059087,1771157059087);
INSERT INTO workout_exercise_set VALUES('18a118ff-d20e-456a-af90-0f830151e09f','e4fbbd10-4cfc-44bc-ae6d-71c17cab2f55','pending',0,8,53.0,1771157059088,1771157059088);
INSERT INTO workout_exercise_set VALUES('84afb5f0-b11d-425a-8f1c-af67f1e95857','e4fbbd10-4cfc-44bc-ae6d-71c17cab2f55','pending',1,8,53.0,1771157059089,1771157059089);
INSERT INTO workout_exercise_set VALUES('71b045aa-7a09-47e9-90ca-70ada1616989','e4fbbd10-4cfc-44bc-ae6d-71c17cab2f55','pending',2,8,53.0,1771157059090,1771157059090);
INSERT INTO workout_exercise_set VALUES('aef7da7c-e412-4b0c-a5e0-cf02a475d0c5','e4fbbd10-4cfc-44bc-ae6d-71c17cab2f55','pending',3,8,53.0,1771157059091,1771157059091);
INSERT INTO workout_exercise_set VALUES('17eea876-8805-4906-ba87-9a79209cf117','b223244f-7714-4d8a-98d0-6cd6aa842cf5','pending',0,8,95.0,1771157059092,1771157059092);
INSERT INTO workout_exercise_set VALUES('28a9bcda-2900-4166-abfa-0f5993db06e2','b223244f-7714-4d8a-98d0-6cd6aa842cf5','pending',1,8,95.0,1771157059093,1771157059093);
INSERT INTO workout_exercise_set VALUES('b0ca33a4-f20b-4bdb-a99d-eeed6c4f8fe3','b223244f-7714-4d8a-98d0-6cd6aa842cf5','pending',2,8,95.0,1771157059094,1771157059094);
INSERT INTO workout_exercise_set VALUES('9d0b19e9-9863-4804-9f51-6bea776b4240','b223244f-7714-4d8a-98d0-6cd6aa842cf5','pending',3,8,95.0,1771157059095,1771157059095);
INSERT INTO workout_exercise_set VALUES('1bc4e459-a47c-40f1-843a-465692a198d4','39bc8fc2-859f-4a80-adfd-26f5f55c33e4','pending',0,8,10.0,1771157059096,1771157059096);
INSERT INTO workout_exercise_set VALUES('9c79400a-e049-4e4c-abad-ef0571bffcaa','39bc8fc2-859f-4a80-adfd-26f5f55c33e4','pending',1,8,10.0,1771157059097,1771157059097);
INSERT INTO workout_exercise_set VALUES('ee5662be-f104-4dcc-841b-fae44e78788a','39bc8fc2-859f-4a80-adfd-26f5f55c33e4','pending',2,8,10.0,1771157059098,1771157059098);
INSERT INTO workout_exercise_set VALUES('6df7b76c-8318-4caa-8fdf-02f6ba3ac536','39bc8fc2-859f-4a80-adfd-26f5f55c33e4','pending',3,8,10.0,1771157059099,1771157059099);
